com/google/javascript/jscomp/InlineObjectLiterals$InliningBehavior:splitObject(Lcom/google/javascript/jscomp/Scope$Var;Lcom/google/javascript/jscomp/ReferenceCollectingCallback$Reference;Lcom/google/javascript/jscomp/ReferenceCollectingCallback$Reference;Lcom/google/javascript/jscomp/ReferenceCollectingCallback$ReferenceCollection;)V,0.0640116041568
com/google/javascript/jscomp/InlineObjectLiterals$InliningBehavior:computeVarList(Lcom/google/javascript/jscomp/Scope$Var;Lcom/google/javascript/jscomp/ReferenceCollectingCallback$ReferenceCollection;)Ljava/util/Map;,0.0563624638727
com/google/javascript/jscomp/InlineObjectLiterals$InliningBehavior:fillInitialValues(Lcom/google/javascript/jscomp/ReferenceCollectingCallback$Reference;Ljava/util/Map;)V,0.0474062668236
com/google/javascript/jscomp/InlineObjectLiterals$InliningBehavior:isInlinableObject(Ljava/util/List;)Z,0.0414707125372
com/google/javascript/jscomp/InlineObjectLiterals$InliningBehavior$1:visit(Lcom/google/javascript/rhino/Node;)V,0.0306769640207
com/google/javascript/jscomp/InlineObjectLiterals$InliningBehavior:blacklistVarReferencesInTree(Lcom/google/javascript/rhino/Node;Lcom/google/javascript/jscomp/Scope;)V,0.0306011418232
com/google/javascript/jscomp/InlineObjectLiterals$InliningBehavior:isVarOrAssignExprLhs(Lcom/google/javascript/rhino/Node;)Z,0.0256192299035
com/google/javascript/jscomp/InlineObjectLiterals:access$300(Lcom/google/javascript/jscomp/InlineObjectLiterals;)Lcom/google/common/base/Supplier;,0.0243543813086
com/google/javascript/rhino/Node:toStringTree()Ljava/lang/String;,0.0242645872467
com/google/javascript/rhino/Node:toStringTreeHelper(Lcom/google/javascript/rhino/Node;ILjava/lang/Appendable;)V,0.0241313792034
com/google/javascript/rhino/Node$NodeMismatch:<init>(Lcom/google/javascript/rhino/Node;Lcom/google/javascript/rhino/Node;)V,0.0234456365722
com/google/javascript/jscomp/NodeUtil:visitPreOrder(Lcom/google/javascript/rhino/Node;Lcom/google/javascript/jscomp/NodeUtil$Visitor;Lcom/google/common/base/Predicate;)V,0.0231038346103
com/google/javascript/rhino/Node:toString(Ljava/lang/StringBuilder;ZZZ)V,0.0221027664292
com/google/javascript/jscomp/InlineObjectLiterals$InliningBehavior$1:<init>(Lcom/google/javascript/jscomp/InlineObjectLiterals$InliningBehavior;Lcom/google/javascript/jscomp/Scope;)V,0.0216817866838
com/google/javascript/rhino/InputId:toString()Ljava/lang/String;,0.017389434703
com/google/javascript/jscomp/ReferenceCollectingCallback$Reference:isLvalue()Z,0.0172095287404
com/google/javascript/jscomp/NodeUtil:getAssignedValue(Lcom/google/javascript/rhino/Node;)Lcom/google/javascript/rhino/Node;,0.016309656781
com/google/javascript/jscomp/CodeGenerator:add(Lcom/google/javascript/rhino/Node;Lcom/google/javascript/jscomp/CodeGenerator$Context;)V,0.0157289768555
com/google/javascript/jscomp/ReferenceCollectingCallback$Reference:isLhsOfForInExpression(Lcom/google/javascript/rhino/Node;)Z,0.0150065728647
com/google/javascript/jscomp/InlineObjectLiterals:access$200(Lcom/google/javascript/jscomp/InlineObjectLiterals;)Lcom/google/javascript/jscomp/AbstractCompiler;,0.0145982233111
com/google/javascript/jscomp/InlineObjectLiterals$InliningBehavior:afterExitScope(Lcom/google/javascript/jscomp/NodeTraversal;Lcom/google/javascript/jscomp/ReferenceCollectingCallback$ReferenceMap;)V,0.0139067818383
com/google/javascript/rhino/Node:propToString(I)Ljava/lang/String;,0.0134105737749
com/google/javascript/jscomp/ReferenceCollectingCallback$Reference:getParent()Lcom/google/javascript/rhino/Node;,0.0132962746096
com/google/javascript/jscomp/ReferenceCollectingCallback$Reference:isInitializingDeclaration()Z,0.0132660293459
com/google/javascript/rhino/Node$IntPropListItem:toString()Ljava/lang/String;,0.0132185277778
com/google/javascript/jscomp/ReferenceCollectingCallback$Reference:getAssignedValue()Lcom/google/javascript/rhino/Node;,0.0130138672665
com/google/javascript/rhino/Node:toStringTreeImpl()Ljava/lang/String;,0.0125934268232
com/google/javascript/rhino/Node:appendStringTree(Ljava/lang/Appendable;)V,0.0125751576876
com/google/javascript/rhino/Node:getSortedPropTypes()[I,0.0122950720105
com/google/javascript/jscomp/NodeUtil:newVarNode(Ljava/lang/String;Lcom/google/javascript/rhino/Node;)Lcom/google/javascript/rhino/Node;,0.0121982065761
com/google/javascript/jscomp/ReferenceCollectingCallback$Reference:isDeclaration()Z,0.0121726787735
com/google/javascript/rhino/Node:toString()Ljava/lang/String;,0.0117426933613
com/google/javascript/jscomp/SourceFile:toString()Ljava/lang/String;,0.0114834649776
com/google/javascript/rhino/Node$ObjectPropListItem:toString()Ljava/lang/String;,0.0114834649776
com/google/javascript/jscomp/ReferenceCollectingCallback$Reference:getGrandparent()Lcom/google/javascript/rhino/Node;,0.0113542007208
com/google/javascript/rhino/Node:isSetterDef()Z,0.0108482302169
com/google/javascript/rhino/Node:toString(ZZZ)Ljava/lang/String;,0.0107574558477
com/google/javascript/rhino/Node:isGetterDef()Z,0.0106541026024
com/google/javascript/jscomp/InlineObjectLiterals$InliningBehavior:isVarInlineForbidden(Lcom/google/javascript/jscomp/Scope$Var;)Z,0.00999493927807
com/google/javascript/jscomp/ReferenceCollectingCallback:isBlockBoundary(Lcom/google/javascript/rhino/Node;Lcom/google/javascript/rhino/Node;)Z,0.00992082962894
com/google/javascript/jscomp/ReferenceCollectingCallback:visit(Lcom/google/javascript/jscomp/NodeTraversal;Lcom/google/javascript/rhino/Node;Lcom/google/javascript/rhino/Node;)V,0.00989615450289
com/google/javascript/jscomp/ReferenceCollectingCallback$BasicBlock:<init>(Lcom/google/javascript/jscomp/ReferenceCollectingCallback$BasicBlock;Lcom/google/javascript/rhino/Node;)V,0.00989234708225
com/google/javascript/rhino/Node:getType()I,0.00933161667735
com/google/javascript/jscomp/ReferenceCollectingCallback$ReferenceCollection:isWellDefined()Z,0.00913661184686
com/google/javascript/rhino/Node:getFirstChild()Lcom/google/javascript/rhino/Node;,0.0090769448684
com/google/javascript/jscomp/AstValidator:validateUnaryOp(Lcom/google/javascript/rhino/Node;)V,0.00896177135293
com/google/javascript/jscomp/InlineObjectLiterals:process(Lcom/google/javascript/rhino/Node;Lcom/google/javascript/rhino/Node;)V,0.00850726403073
com/google/javascript/jscomp/AstValidator:validateObjectLitStringKey(Lcom/google/javascript/rhino/Node;)V,0.00845659263401
com/google/javascript/jscomp/Normalize$NormalizeStatements:extractForInitializer(Lcom/google/javascript/rhino/Node;Lcom/google/javascript/rhino/Node;Lcom/google/javascript/rhino/Node;)V,0.00840093421386
com/google/javascript/jscomp/AstValidator:validateObjectLiteralKeyName(Lcom/google/javascript/rhino/Node;)V,0.00839337045227
com/google/javascript/jscomp/Normalize$NormalizeStatements:annotateConstantsByConvention(Lcom/google/javascript/rhino/Node;Lcom/google/javascript/rhino/Node;)V,0.00754185779681
com/google/javascript/jscomp/InlineObjectLiterals$InliningBehavior:<init>(Lcom/google/javascript/jscomp/InlineObjectLiterals;Lcom/google/javascript/jscomp/InlineObjectLiterals$1;)V,0.00745846441465
com/google/javascript/jscomp/parsing/IRFactory$TransformDispatcher:processUnaryExpression(Lcom/google/javascript/rhino/head/ast/UnaryExpression;)Lcom/google/javascript/rhino/Node;,0.00729656141221
com/google/javascript/jscomp/MakeDeclaredNamesUnique:shouldTraverse(Lcom/google/javascript/jscomp/NodeTraversal;Lcom/google/javascript/rhino/Node;Lcom/google/javascript/rhino/Node;)Z,0.00707347566297
com/google/javascript/jscomp/Compiler:updateGlobalVarReferences(Ljava/util/Map;Lcom/google/javascript/rhino/Node;)V,0.00701129235137
com/google/javascript/jscomp/ReferenceCollectingCallback$ReferenceCollection:getInitializingReference()Lcom/google/javascript/jscomp/ReferenceCollectingCallback$Reference;,0.00698747006506
com/google/javascript/jscomp/InlineObjectLiterals$InliningBehavior:<init>(Lcom/google/javascript/jscomp/InlineObjectLiterals;)V,0.00696959736737
com/google/javascript/jscomp/MakeDeclaredNamesUnique:findDeclaredNames(Lcom/google/javascript/rhino/Node;Lcom/google/javascript/rhino/Node;Lcom/google/javascript/jscomp/MakeDeclaredNamesUnique$Renamer;)V,0.00695140361693
com/google/javascript/jscomp/AstValidator:validateReturn(Lcom/google/javascript/rhino/Node;)V,0.00694941523415
com/google/javascript/rhino/Node$StringNode:isQuotedString()Z,0.00686705408588
com/google/javascript/jscomp/AstValidator:validateObjectLitKey(Lcom/google/javascript/rhino/Node;)V,0.00683298676308
com/google/javascript/jscomp/ReferenceCollectingCallback:exitScope(Lcom/google/javascript/jscomp/NodeTraversal;)V,0.00673201540109
com/google/javascript/jscomp/ReferenceCollectingCallback:shouldTraverse(Lcom/google/javascript/jscomp/NodeTraversal;Lcom/google/javascript/rhino/Node;Lcom/google/javascript/rhino/Node;)Z,0.00659904833897
com/google/javascript/jscomp/InlineObjectLiterals:<init>(Lcom/google/javascript/jscomp/AbstractCompiler;Lcom/google/common/base/Supplier;)V,0.0065200415152
com/google/javascript/rhino/Node:getNext()Lcom/google/javascript/rhino/Node;,0.00648216916837
com/google/javascript/jscomp/GlobalVarReferenceMap:updateGlobalVarReferences(Ljava/util/Map;Lcom/google/javascript/rhino/Node;)V,0.00647669468389
com/google/javascript/jscomp/ReferenceCollectingCallback$ReferenceCollection:isInitializingDeclarationAt(I)Z,0.0064450001256
com/google/javascript/jscomp/Normalize$NormalizeStatements:visit(Lcom/google/javascript/jscomp/NodeTraversal;Lcom/google/javascript/rhino/Node;Lcom/google/javascript/rhino/Node;)V,0.00640559332054
com/google/javascript/jscomp/ReferenceCollectingCallback$Reference:getNode()Lcom/google/javascript/rhino/Node;,0.00629912977734
com/google/javascript/jscomp/NodeTraversal:traverseBranch(Lcom/google/javascript/rhino/Node;Lcom/google/javascript/rhino/Node;)V,0.00627521114604
com/google/javascript/jscomp/Normalize$PropagateConstantAnnotationsOverVars:visit(Lcom/google/javascript/jscomp/NodeTraversal;Lcom/google/javascript/rhino/Node;Lcom/google/javascript/rhino/Node;)V,0.00621761380944
com/google/javascript/rhino/Node:addChildBefore(Lcom/google/javascript/rhino/Node;Lcom/google/javascript/rhino/Node;)V,0.00601770267039
com/google/javascript/jscomp/ReferenceCollectingCallback$BasicBlock:provablyExecutesBefore(Lcom/google/javascript/jscomp/ReferenceCollectingCallback$BasicBlock;)Z,0.00594004617823
com/google/javascript/rhino/Node$StringNode:getString()Ljava/lang/String;,0.00592592604431
com/google/javascript/jscomp/Normalize$NormalizeStatements:splitVarDeclarations(Lcom/google/javascript/rhino/Node;)V,0.0059159147458
com/google/javascript/jscomp/Normalize$FindExposeAnnotations:visit(Lcom/google/javascript/jscomp/NodeTraversal;Lcom/google/javascript/rhino/Node;Lcom/google/javascript/rhino/Node;)V,0.00583756547081
com/google/javascript/jscomp/ReferenceCollectingCallback:<init>(Lcom/google/javascript/jscomp/AbstractCompiler;Lcom/google/javascript/jscomp/ReferenceCollectingCallback$Behavior;)V,0.00582795315988
com/google/javascript/jscomp/Normalize$NormalizeStatements:moveNamedFunctions(Lcom/google/javascript/rhino/Node;)V,0.00581977495112
com/google/javascript/jscomp/Normalize$VerifyConstants:visit(Lcom/google/javascript/jscomp/NodeTraversal;Lcom/google/javascript/rhino/Node;Lcom/google/javascript/rhino/Node;)V,0.00581434835279
com/google/javascript/jscomp/ReferenceCollectingCallback$Reference:<init>(Lcom/google/javascript/rhino/Node;Lcom/google/javascript/jscomp/NodeTraversal;Lcom/google/javascript/jscomp/ReferenceCollectingCallback$BasicBlock;)V,0.00581401234458
com/google/javascript/jscomp/AstValidator:validateObjectLit(Lcom/google/javascript/rhino/Node;)V,0.00581350213562
com/google/javascript/jscomp/ReferenceCollectingCallback:enterScope(Lcom/google/javascript/jscomp/NodeTraversal;)V,0.00567799195103
com/google/javascript/rhino/TokenStream:isKeyword(Ljava/lang/String;)Z,0.00560082915338
com/google/javascript/rhino/Node:removeFirstChild()Lcom/google/javascript/rhino/Node;,0.00557910100053
com/google/javascript/jscomp/Compiler:access$300(Lcom/google/javascript/jscomp/Compiler;)I,0.00555088903771
com/google/javascript/rhino/TokenStream:isJSIdentifier(Ljava/lang/String;)Z,0.00552437705817
com/google/javascript/jscomp/SyntacticScopeCreator:scanVars(Lcom/google/javascript/rhino/Node;Lcom/google/javascript/rhino/Node;)V,0.00531596412863
com/google/javascript/jscomp/Compiler$5:get()Ljava/lang/String;,0.00525326627084
com/google/javascript/jscomp/Compiler:nextUniqueNameId()I,0.00525326627084
com/google/javascript/rhino/Node:getParent()Lcom/google/javascript/rhino/Node;,0.00523841867382
com/google/javascript/jscomp/ReferenceCollectingCallback$ReferenceMapWrapper:getReferences(Lcom/google/javascript/jscomp/Scope$Var;)Lcom/google/javascript/jscomp/ReferenceCollectingCallback$ReferenceCollection;,0.0052003486426
com/google/javascript/rhino/Token:name(I)Ljava/lang/String;,0.00507151155247
com/google/javascript/jscomp/ReferenceCollectingCallback:process(Lcom/google/javascript/rhino/Node;Lcom/google/javascript/rhino/Node;)V,0.00504096047198
com/google/javascript/rhino/Node:isFunction()Z,0.00502731997784
com/google/javascript/jscomp/ReferenceCollectingCallback:addReference(Lcom/google/javascript/jscomp/NodeTraversal;Lcom/google/javascript/jscomp/Scope$Var;Lcom/google/javascript/jscomp/ReferenceCollectingCallback$Reference;)V,0.00501283342827
com/google/javascript/jscomp/PrepareAst$PrepareAnnotations:normalizeObjectLiteralKeyAnnotations(Lcom/google/javascript/rhino/Node;Lcom/google/javascript/rhino/Node;Lcom/google/javascript/rhino/Node;)V,0.00500302313475
com/google/javascript/jscomp/NodeUtil:isConstantByConvention(Lcom/google/javascript/jscomp/CodingConvention;Lcom/google/javascript/rhino/Node;Lcom/google/javascript/rhino/Node;)Z,0.00497325172077
com/google/javascript/rhino/Node:isCase()Z,0.00497053405686
com/google/javascript/jscomp/ReferenceCollectingCallback$Reference:getBasicBlock()Lcom/google/javascript/jscomp/ReferenceCollectingCallback$BasicBlock;,0.00490149246521
com/google/javascript/jscomp/AstValidator:validateNodeType(ILcom/google/javascript/rhino/Node;)V,0.00489440778794
com/google/javascript/jscomp/GlobalVarReferenceMap:resetGlobalVarReferences(Ljava/util/Map;)V,0.00489390312866
com/google/javascript/jscomp/AstValidator:validateFunctionStatement(Lcom/google/javascript/rhino/Node;)V,0.00488185765896
com/google/javascript/jscomp/ReferenceCollectingCallback$ReferenceMapWrapper:<init>(Ljava/util/Map;)V,0.00482281401682
com/google/javascript/rhino/Node:isNumber()Z,0.004737529551
com/google/javascript/rhino/Node:isStringKey()Z,0.00472813741309
com/google/javascript/jscomp/NodeUtil:getBestJSDocInfo(Lcom/google/javascript/rhino/Node;)Lcom/google/javascript/rhino/JSDocInfo;,0.00472757187082
com/google/javascript/jscomp/MakeDeclaredNamesUnique:visit(Lcom/google/javascript/jscomp/NodeTraversal;Lcom/google/javascript/rhino/Node;Lcom/google/javascript/rhino/Node;)V,0.0047259133885
com/google/javascript/jscomp/GlobalVarReferenceMap:<init>(Ljava/util/List;Ljava/util/List;)V,0.00464873655342
com/google/javascript/jscomp/CodeGenerator:addExpr(Lcom/google/javascript/rhino/Node;ILcom/google/javascript/jscomp/CodeGenerator$Context;)V,0.00462349494329
com/google/javascript/jscomp/Normalize$NormalizeStatements:doStatementNormalizations(Lcom/google/javascript/jscomp/NodeTraversal;Lcom/google/javascript/rhino/Node;Lcom/google/javascript/rhino/Node;)V,0.00461924602532
com/google/javascript/jscomp/ReferenceCollectingCallback$Reference:<init>(Lcom/google/javascript/rhino/Node;Lcom/google/javascript/jscomp/ReferenceCollectingCallback$BasicBlock;Lcom/google/javascript/jscomp/Scope;Lcom/google/javascript/rhino/InputId;)V,0.0045009353098
com/google/javascript/jscomp/PrepareAst$PrepareAnnotations:normalizeObjectLiteralAnnotations(Lcom/google/javascript/rhino/Node;)V,0.00447106737219
com/google/javascript/rhino/Node:isVar()Z,0.00444980675558
com/google/javascript/jscomp/AstValidator:validateGetProp(Lcom/google/javascript/rhino/Node;)V,0.00442704556816
com/google/javascript/jscomp/Compiler:getExternsInOrder()Ljava/util/List;,0.00436412747233
com/google/javascript/jscomp/Compiler:getInputsInOrder()Ljava/util/List;,0.00436390387571
com/google/javascript/jscomp/AstValidator:validateVar(Lcom/google/javascript/rhino/Node;)V,0.00436306196533
com/google/javascript/jscomp/Compiler:getGlobalVarReferences()Lcom/google/javascript/jscomp/GlobalVarReferenceMap;,0.00435573454192
com/google/javascript/rhino/IR:var(Lcom/google/javascript/rhino/Node;)Lcom/google/javascript/rhino/Node;,0.00427209800549
com/google/javascript/jscomp/SyntacticScopeCreator:scanRoot(Lcom/google/javascript/rhino/Node;Lcom/google/javascript/jscomp/Scope;)V,0.00427059422907
com/google/javascript/jscomp/parsing/IRFactory$TransformDispatcher:processObjectLiteral(Lcom/google/javascript/rhino/head/ast/ObjectLiteral;)Lcom/google/javascript/rhino/Node;,0.00423295102237
com/google/javascript/jscomp/AstValidator:validateExpression(Lcom/google/javascript/rhino/Node;)V,0.00423145294589
com/google/javascript/jscomp/ReferenceCollectingCallback$ReferenceCollection:add(Lcom/google/javascript/jscomp/ReferenceCollectingCallback$Reference;Lcom/google/javascript/jscomp/NodeTraversal;Lcom/google/javascript/jscomp/Scope$Var;)V,0.00420034433418
com/google/javascript/jscomp/ReferenceCollectingCallback$ReferenceCollection:<init>()V,0.00416671120349
com/google/javascript/jscomp/ReferenceCollectingCallback:<init>(Lcom/google/javascript/jscomp/AbstractCompiler;Lcom/google/javascript/jscomp/ReferenceCollectingCallback$Behavior;Lcom/google/common/base/Predicate;)V,0.00414006916354
com/google/javascript/rhino/Node:isName()Z,0.00406245782728
com/google/javascript/rhino/Node:copyInformationFrom(Lcom/google/javascript/rhino/Node;)Lcom/google/javascript/rhino/Node;,0.00405620491267
com/google/javascript/jscomp/NodeTraversal:traverseFunction(Lcom/google/javascript/rhino/Node;Lcom/google/javascript/rhino/Node;)V,0.00402826931116
com/google/javascript/rhino/IR:name(Ljava/lang/String;)Lcom/google/javascript/rhino/Node;,0.00401862599528
com/google/javascript/rhino/Node:isEmpty()Z,0.0040129457801
com/google/javascript/rhino/Node:getLastChild()Lcom/google/javascript/rhino/Node;,0.00399642497932
com/google/javascript/jscomp/CodeConsumer:addNumber(D)V,0.00396852268909
com/google/javascript/jscomp/Normalize:process(Lcom/google/javascript/rhino/Node;Lcom/google/javascript/rhino/Node;)V,0.00387177156786
com/google/javascript/jscomp/AstValidator:validateBlock(Lcom/google/javascript/rhino/Node;)V,0.00385986933147
com/google/javascript/jscomp/Normalize$FindExposeAnnotations:isMarkedExpose(Lcom/google/javascript/rhino/Node;)Z,0.00381141172865
com/google/javascript/rhino/jstype/JSTypeRegistry:initializeBuiltInTypes()V,0.00378978492179
com/google/javascript/rhino/Node:isComma()Z,0.00378264663005
com/google/javascript/rhino/Node:replaceChild(Lcom/google/javascript/rhino/Node;Lcom/google/javascript/rhino/Node;)V,0.00376871990703
com/google/javascript/rhino/Node$NumberNode:getDouble()D,0.00373455585599
com/google/javascript/jscomp/AstValidator:validateStatement(Lcom/google/javascript/rhino/Node;)V,0.00364799006081
com/google/javascript/jscomp/AstValidator:validateParameters(Lcom/google/javascript/rhino/Node;)V,0.00363294166563
com/google/javascript/jscomp/Scope$Var:isGlobal()Z,0.00360216386745
com/google/javascript/jscomp/Normalize$NormalizeStatements:normalizeFunctionDeclaration(Lcom/google/javascript/rhino/Node;)V,0.00356203727648
com/google/javascript/rhino/Node:isEquivalentTo(Lcom/google/javascript/rhino/Node;ZZ)Z,0.0035390726559
com/google/javascript/jscomp/CodeConsumer:addConstant(Ljava/lang/String;)V,0.00353019510719
com/google/javascript/jscomp/CodeConsumer:beginBlock()V,0.00351220949843
com/google/javascript/rhino/Node:isObjectLit()Z,0.00351169009493
com/google/javascript/rhino/Node:srcref(Lcom/google/javascript/rhino/Node;)Lcom/google/javascript/rhino/Node;,0.00348803389386
com/google/javascript/jscomp/AstValidator:validateScript(Lcom/google/javascript/rhino/Node;)V,0.00344109579538
com/google/javascript/jscomp/NodeUtil:isVarDeclaration(Lcom/google/javascript/rhino/Node;)Z,0.00342739695157
com/google/javascript/jscomp/NodeUtil:isExprAssign(Lcom/google/javascript/rhino/Node;)Z,0.00341171981696
com/google/javascript/jscomp/Compiler$5:<init>(Lcom/google/javascript/jscomp/Compiler;Lcom/google/javascript/jscomp/Compiler;)V,0.00339092371995
com/google/javascript/jscomp/Compiler:getUniqueNameIdSupplier()Lcom/google/common/base/Supplier;,0.00339015816987
com/google/javascript/jscomp/MakeDeclaredNamesUnique:enterScope(Lcom/google/javascript/jscomp/NodeTraversal;)V,0.00338768244852
com/google/javascript/rhino/Node:setType(I)V,0.00337397356146
com/google/javascript/jscomp/AstValidator:validateCodeRoot(Lcom/google/javascript/rhino/Node;)V,0.00335518529387
com/google/javascript/jscomp/CodeGenerator:addList(Lcom/google/javascript/rhino/Node;ZLcom/google/javascript/jscomp/CodeGenerator$Context;)V,0.00333342896968
com/google/javascript/jscomp/AstValidator:validateChildCount(Lcom/google/javascript/rhino/Node;I)V,0.0032950941628
com/google/javascript/jscomp/CodeGenerator:add(Lcom/google/javascript/rhino/Node;)V,0.00329236712318
com/google/javascript/jscomp/CodeConsumer:addOp(Ljava/lang/String;Z)V,0.00328893636523
com/google/javascript/rhino/Node:isGetProp()Z,0.00327666236955
com/google/javascript/jscomp/AstValidator:validateRoot(Lcom/google/javascript/rhino/Node;)V,0.00327167285531
com/google/javascript/jscomp/NodeUtil$MatchNotFunction:apply(Lcom/google/javascript/rhino/Node;)Z,0.00325509615966
com/google/javascript/jscomp/Normalize$VerifyConstants:process(Lcom/google/javascript/rhino/Node;Lcom/google/javascript/rhino/Node;)V,0.00323590565461
com/google/javascript/jscomp/AstValidator:validateExprStmt(Lcom/google/javascript/rhino/Node;)V,0.00317308676583
com/google/javascript/rhino/Node:isScript()Z,0.00315340755135
com/google/javascript/rhino/Node:useSourceInfoFrom(Lcom/google/javascript/rhino/Node;)Lcom/google/javascript/rhino/Node;,0.00313467183217
com/google/javascript/jscomp/CodePrinter$CompactCodePrinter:maybeLineBreak()V,0.00312410495039
com/google/javascript/jscomp/CodeConsumer:endBlock(Z)V,0.00311379826525
com/google/javascript/jscomp/CodeConsumer:endFunction(Z)V,0.00307096842613
com/google/javascript/rhino/Node:cloneTree()Lcom/google/javascript/rhino/Node;,0.00306595637979
com/google/javascript/jscomp/AstValidator:validateNumber(Lcom/google/javascript/rhino/Node;)V,0.00305595058565
com/google/javascript/rhino/jstype/UnionTypeBuilder:addAlternate(Lcom/google/javascript/rhino/jstype/JSType;)Lcom/google/javascript/rhino/jstype/UnionTypeBuilder;,0.00305594119198
com/google/javascript/rhino/Node:isString()Z,0.00304342170041
com/google/javascript/jscomp/CodingConventions$Proxy:isExported(Ljava/lang/String;Z)Z,0.00302300217696
com/google/javascript/jscomp/parsing/IRFactory$TransformDispatcher:processFunctionNode(Lcom/google/javascript/rhino/head/ast/FunctionNode;)Lcom/google/javascript/rhino/Node;,0.00300975090845
com/google/javascript/rhino/jstype/PrototypeObjectType:isSubtype(Lcom/google/javascript/rhino/jstype/JSType;)Z,0.00299806539861
com/google/javascript/rhino/Node:isBlock()Z,0.00296658472298
com/google/javascript/rhino/Node:getChildAtIndex(I)Lcom/google/javascript/rhino/Node;,0.00295289789561
com/google/javascript/rhino/Node:getBooleanProp(I)Z,0.00294509523538
com/google/javascript/jscomp/Compiler:parseInputs()Lcom/google/javascript/rhino/Node;,0.00293462841741
com/google/javascript/jscomp/MakeDeclaredNamesUnique$ContextualRenamer:addDeclaredName(Ljava/lang/String;)V,0.00290479071107
com/google/javascript/rhino/Node:isLabel()Z,0.00290410266751
com/google/javascript/jscomp/CodeConsumer:breakAfterBlockFor(Lcom/google/javascript/rhino/Node;Z)Z,0.00288555015187
com/google/javascript/jscomp/Scope$Var:getJSDocInfo()Lcom/google/javascript/rhino/JSDocInfo;,0.00287140693818
com/google/javascript/rhino/Node:hasChildren()Z,0.00280297793358
com/google/javascript/jscomp/Normalize$NormalizeStatements:shouldTraverse(Lcom/google/javascript/jscomp/NodeTraversal;Lcom/google/javascript/rhino/Node;Lcom/google/javascript/rhino/Node;)Z,0.00279783296524
com/google/javascript/rhino/Node:getChildCount()I,0.0027976434314
com/google/javascript/jscomp/MakeDeclaredNamesUnique$ContextualRenamer:forChildScope()Lcom/google/javascript/jscomp/MakeDeclaredNamesUnique$Renamer;,0.00279631445075
com/google/javascript/jscomp/NodeUtil:isAssignmentOp(Lcom/google/javascript/rhino/Node;)Z,0.00279308013184
com/google/javascript/jscomp/CodeGenerator:addList(Lcom/google/javascript/rhino/Node;)V,0.00278999885586
com/google/javascript/jscomp/Scope$Var:hashCode()I,0.0027694636292
com/google/javascript/jscomp/parsing/IRFactory$TransformDispatcher:isDirective(Lcom/google/javascript/rhino/Node;)Z,0.00276429299598
com/google/javascript/jscomp/NodeUtil:isHoistedFunctionDeclaration(Lcom/google/javascript/rhino/Node;)Z,0.00276276259476
com/google/javascript/jscomp/NodeUtil:precedence(I)I,0.00275170619456
com/google/javascript/jscomp/CodeConsumer:endStatement(Z)V,0.00273171685103
com/google/javascript/jscomp/Normalize:removeDuplicateDeclarations(Lcom/google/javascript/rhino/Node;Lcom/google/javascript/rhino/Node;)V,0.00271427739561
com/google/javascript/jscomp/SyntacticScopeCreator:declareVar(Lcom/google/javascript/rhino/Node;)V,0.00270034041357
com/google/javascript/jscomp/GoogleCodingConvention:isExported(Ljava/lang/String;Z)Z,0.0026990670365
com/google/javascript/jscomp/CodeGenerator:add(Ljava/lang/String;)V,0.00269601015493
com/google/javascript/rhino/jstype/JSType:checkEquivalenceHelper(Lcom/google/javascript/rhino/jstype/JSType;Lcom/google/javascript/rhino/jstype/EquivalenceMethod;)Z,0.00268875340444
com/google/javascript/jscomp/parsing/IRFactory$TransformDispatcher:processReturnStatement(Lcom/google/javascript/rhino/head/ast/ReturnStatement;)Lcom/google/javascript/rhino/Node;,0.0026647103608
com/google/javascript/jscomp/CodingConventions$Proxy:isExported(Ljava/lang/String;)Z,0.00266056251105
com/google/javascript/jscomp/AstValidator:validateNonEmptyString(Lcom/google/javascript/rhino/Node;)V,0.00265406600587
com/google/javascript/jscomp/AstValidator:validateName(Lcom/google/javascript/rhino/Node;)V,0.00263161391363
com/google/javascript/rhino/Node:isAssign()Z,0.00262405223005
com/google/javascript/jscomp/Scope$Var:isExtern()Z,0.00260034307932
com/google/javascript/jscomp/NodeTraversal:traverseRoots([Lcom/google/javascript/rhino/Node;)V,0.00259195335307
com/google/javascript/jscomp/Normalize$PropagateConstantAnnotationsOverVars:process(Lcom/google/javascript/rhino/Node;Lcom/google/javascript/rhino/Node;)V,0.00257601434949
com/google/javascript/jscomp/NodeTraversal:traverseRoots(Ljava/util/List;)V,0.0025670054798
com/google/javascript/jscomp/MakeDeclaredNamesUnique$ContextualRenamer:incrementNameCount(Ljava/lang/String;)I,0.0025601234225
com/google/javascript/jscomp/NodeUtil:isConstantName(Lcom/google/javascript/rhino/Node;)Z,0.00255626141093
com/google/javascript/jscomp/NodeUtil:isObjectLitKey(Lcom/google/javascript/rhino/Node;Lcom/google/javascript/rhino/Node;)Z,0.00255236676429
com/google/javascript/jscomp/Normalize$ScopeTicklingCallback:shouldTraverse(Lcom/google/javascript/jscomp/NodeTraversal;Lcom/google/javascript/rhino/Node;Lcom/google/javascript/rhino/Node;)Z,0.0025471023868
com/google/javascript/jscomp/Normalize$ScopeTicklingCallback:visit(Lcom/google/javascript/jscomp/NodeTraversal;Lcom/google/javascript/rhino/Node;Lcom/google/javascript/rhino/Node;)V,0.00254709893766
com/google/javascript/jscomp/CodeGenerator:getContextForNoInOperator(Lcom/google/javascript/jscomp/CodeGenerator$Context;)Lcom/google/javascript/jscomp/CodeGenerator$Context;,0.0025307037711
com/google/javascript/rhino/jstype/FunctionType:<init>(Lcom/google/javascript/rhino/jstype/JSTypeRegistry;Ljava/lang/String;Lcom/google/javascript/rhino/Node;Lcom/google/javascript/rhino/jstype/ArrowType;Lcom/google/javascript/rhino/jstype/JSType;Lcom/google/common/collect/ImmutableList;ZZ)V,0.00250599028303
com/google/javascript/jscomp/NodeUtil:isFunctionDeclaration(Lcom/google/javascript/rhino/Node;)Z,0.00249227063474
com/google/javascript/jscomp/LineNumberCheck:visit(Lcom/google/javascript/jscomp/NodeTraversal;Lcom/google/javascript/rhino/Node;Lcom/google/javascript/rhino/Node;)V,0.0024802732129
com/google/javascript/jscomp/CodeGenerator:addIdentifier(Ljava/lang/String;)V,0.00246854969565
com/google/javascript/jscomp/CodePrinter$MappedCodePrinter:startSourceMapping(Lcom/google/javascript/rhino/Node;)V,0.00246539407474
com/google/javascript/jscomp/CodeConsumer:endStatement()V,0.00244697325579
com/google/javascript/jscomp/CodePrinter$CompactCodePrinter:append(Ljava/lang/String;)V,0.00243764266783
com/google/javascript/rhino/jstype/ObjectType:isUnknownType()Z,0.00243074886346
com/google/javascript/jscomp/NodeUtil:isForIn(Lcom/google/javascript/rhino/Node;)Z,0.00242413985061
com/google/javascript/jscomp/NodeUtil:isFunctionExpression(Lcom/google/javascript/rhino/Node;)Z,0.00240690280759
com/google/javascript/jscomp/Compiler:reportCodeChange()V,0.00238930990143
com/google/javascript/jscomp/parsing/IRFactory$TransformDispatcher:parseDirectives(Lcom/google/javascript/rhino/Node;)V,0.0023751830297
com/google/javascript/jscomp/NodeUtil:isLatin(Ljava/lang/String;)Z,0.00237011076804
com/google/javascript/rhino/Node:hasOneChild()Z,0.00235664102591
com/google/javascript/jscomp/GoogleCodingConvention:isConstantKey(Ljava/lang/String;)Z,0.00235204632772
com/google/javascript/jscomp/AbstractCompiler:getLifeCycleStage()Lcom/google/javascript/jscomp/AbstractCompiler$LifeCycleStage;,0.00234408092537
com/google/javascript/jscomp/CodeConsumer:add(Ljava/lang/String;)V,0.00231860508327
com/google/javascript/jscomp/Scope$Var:getName()Ljava/lang/String;,0.00231057216514
com/google/javascript/rhino/Node:isFor()Z,0.00229737610987
com/google/javascript/rhino/Node:removeChild(Lcom/google/javascript/rhino/Node;)V,0.00227551161864
com/google/javascript/jscomp/GoogleCodingConvention:isConstant(Ljava/lang/String;)Z,0.00227341612744
com/google/javascript/jscomp/CodePrinter$CompactCodePrinter:notePreferredLineBreak()V,0.00227042494298
com/google/javascript/jscomp/MakeDeclaredNamesUnique:<init>()V,0.00226724606285
com/google/javascript/rhino/Node:addChildToFront(Lcom/google/javascript/rhino/Node;)V,0.002265085442
com/google/javascript/jscomp/NodeTraversal:getScope()Lcom/google/javascript/jscomp/Scope;,0.00226082626825
com/google/javascript/jscomp/Normalize$ScopeTicklingCallback:enterScope(Lcom/google/javascript/jscomp/NodeTraversal;)V,0.00224485977622
com/google/javascript/rhino/Node:isParamList()Z,0.00224341125382
com/google/javascript/jscomp/CodingConventions$DefaultCodingConvention:isExported(Ljava/lang/String;Z)Z,0.00223856204765
com/google/javascript/jscomp/NodeUtil:isStatementBlock(Lcom/google/javascript/rhino/Node;)Z,0.00222942521503
com/google/javascript/rhino/Node:getIntProp(I)I,0.00222268983998
com/google/javascript/jscomp/CodeConsumer:continueProcessing()Z,0.00221409950483
com/google/javascript/jscomp/CodePrinter$MappedCodePrinter:endSourceMapping(Lcom/google/javascript/rhino/Node;)V,0.00221407825767
com/google/javascript/rhino/jstype/JSType:isSubtypeHelper(Lcom/google/javascript/rhino/jstype/JSType;Lcom/google/javascript/rhino/jstype/JSType;)Z,0.00221343373125
com/google/javascript/jscomp/NodeUtil:opToStr(I)Ljava/lang/String;,0.00221087085062
com/google/javascript/jscomp/PrepareAst$PrepareAnnotations:annotateDispatchers(Lcom/google/javascript/rhino/Node;Lcom/google/javascript/rhino/Node;)V,0.00220865534925
com/google/javascript/jscomp/AstValidator:validateMaximumChildCount(Lcom/google/javascript/rhino/Node;I)V,0.002194833542
com/google/javascript/jscomp/MakeDeclaredNamesUnique:getReplacementName(Ljava/lang/String;)Ljava/lang/String;,0.0021942268086
com/google/javascript/jscomp/Compiler:initOptions(Lcom/google/javascript/jscomp/CompilerOptions;)V,0.00219337521407
com/google/javascript/jscomp/AbstractCompiler$LifeCycleStage:isNormalizedObfuscated()Z,0.00219126683629
com/google/javascript/jscomp/Normalize$PropagateConstantAnnotationsOverVars:<init>(Lcom/google/javascript/jscomp/AbstractCompiler;Z)V,0.00218811037566
com/google/javascript/jscomp/Normalize$FindExposeAnnotations:<init>(Lcom/google/javascript/jscomp/Normalize$1;)V,0.00218226706065
com/google/javascript/jscomp/Normalize$VerifyConstants:<init>(Lcom/google/javascript/jscomp/AbstractCompiler;Z)V,0.00215718707707
com/google/javascript/jscomp/parsing/IRFactory:access$300(Lcom/google/javascript/jscomp/parsing/IRFactory;Lcom/google/javascript/rhino/head/ast/AstNode;)Lcom/google/javascript/rhino/Node;,0.00215493959175
com/google/javascript/rhino/Node:addChildToBack(Lcom/google/javascript/rhino/Node;)V,0.0021516490696
com/google/javascript/jscomp/MakeDeclaredNamesUnique$ContextualRenamer:<init>(Lcom/google/common/collect/Multiset;)V,0.00214024582429
com/google/javascript/jscomp/LineNumberCheck:shouldTraverse(Lcom/google/javascript/jscomp/NodeTraversal;Lcom/google/javascript/rhino/Node;Lcom/google/javascript/rhino/Node;)Z,0.00212878788711
com/google/javascript/rhino/Node:getInputId()Lcom/google/javascript/rhino/InputId;,0.00212397190323
com/google/javascript/jscomp/AstValidator:validateMinimumChildCount(Lcom/google/javascript/rhino/Node;I)V,0.00211836005675
com/google/javascript/jscomp/MakeDeclaredNamesUnique:exitScope(Lcom/google/javascript/jscomp/NodeTraversal;)V,0.00211079844938
com/google/javascript/jscomp/Normalize$ScopeTicklingCallback:<init>(Lcom/google/javascript/jscomp/Normalize;Lcom/google/javascript/jscomp/Normalize$1;)V,0.00210329408832
com/google/javascript/jscomp/Normalize$DuplicateDeclarationHandler:<init>(Lcom/google/javascript/jscomp/Normalize;Lcom/google/javascript/jscomp/Normalize$1;)V,0.00210329408832
com/google/javascript/rhino/Node:cloneNode()Lcom/google/javascript/rhino/Node;,0.00208996512447
com/google/javascript/jscomp/CodeConsumer:isNegativeZero(D)Z,0.00208944235268
com/google/javascript/rhino/Node:hasMoreThanOneChild()Z,0.00208842625712
com/google/javascript/jscomp/Normalize$FindExposeAnnotations:<init>()V,0.00208514609938
com/google/javascript/rhino/Node:isExprResult()Z,0.00208181103097
com/google/javascript/jscomp/CodeConsumer:endLine()V,0.00205950346292
com/google/javascript/jscomp/Scope:getVar(Ljava/lang/String;)Lcom/google/javascript/jscomp/Scope$Var;,0.00205926660593
com/google/javascript/jscomp/Normalize$FindExposeAnnotations:access$100(Lcom/google/javascript/jscomp/Normalize$FindExposeAnnotations;)Ljava/util/Set;,0.00205688208888
com/google/javascript/rhino/IR:mayBeStatementNoReturn(Lcom/google/javascript/rhino/Node;)Z,0.00205039119088
com/google/javascript/jscomp/NodeUtil:getInputId(Lcom/google/javascript/rhino/Node;)Lcom/google/javascript/rhino/InputId;,0.00204934116644
com/google/javascript/jscomp/AbstractCompiler:setLifeCycleStage(Lcom/google/javascript/jscomp/AbstractCompiler$LifeCycleStage;)V,0.0020476554774
com/google/javascript/jscomp/PrepareAst$PrepareAnnotations:visit(Lcom/google/javascript/jscomp/NodeTraversal;Lcom/google/javascript/rhino/Node;Lcom/google/javascript/rhino/Node;)V,0.00204715393428
com/google/javascript/jscomp/Normalize$NormalizeStatements:<init>(Lcom/google/javascript/jscomp/AbstractCompiler;Z)V,0.00203425066154
com/google/javascript/jscomp/CodeConsumer:appendBlockStart()V,0.00202893070784
com/google/javascript/rhino/Node:checkTreeEqualsImpl(Lcom/google/javascript/rhino/Node;)Lcom/google/javascript/rhino/Node$NodeMismatch;,0.00202710311688
com/google/javascript/jscomp/parsing/IRFactory$TransformDispatcher:processPropertyGet(Lcom/google/javascript/rhino/head/ast/PropertyGet;)Lcom/google/javascript/rhino/Node;,0.00202544801956
com/google/javascript/jscomp/NodeUtil:isControlStructure(Lcom/google/javascript/rhino/Node;)Z,0.00202392426676
com/google/javascript/jscomp/CodeConsumer:maybeEndStatement()V,0.00201848097784
com/google/javascript/jscomp/Normalize$ScopeTicklingCallback:exitScope(Lcom/google/javascript/jscomp/NodeTraversal;)V,0.00201021298226
com/google/javascript/jscomp/CodeConsumer:appendBlockEnd()V,0.00200455744317
com/google/javascript/jscomp/parsing/IRFactory$TransformDispatcher:transformAsString(Lcom/google/javascript/rhino/head/ast/AstNode;)Lcom/google/javascript/rhino/Node;,0.00199127140929
com/google/javascript/rhino/jstype/FunctionType:getPrototype()Lcom/google/javascript/rhino/jstype/ObjectType;,0.00199117803521
com/google/javascript/jscomp/AbstractCompiler$LifeCycleStage:isNormalized()Z,0.00198905831534
com/google/javascript/jscomp/MakeDeclaredNamesUnique$ContextualRenamer:reserveName(Ljava/lang/String;)V,0.00198877987757
com/google/javascript/rhino/jstype/FunctionType:setPrototypeNoCheck(Lcom/google/javascript/rhino/jstype/ObjectType;Lcom/google/javascript/rhino/Node;)Z,0.00198873501628
com/google/javascript/jscomp/SyntacticScopeCreator:<init>(Lcom/google/javascript/jscomp/AbstractCompiler;Lcom/google/javascript/jscomp/SyntacticScopeCreator$RedeclarationHandler;)V,0.00198617491199
com/google/javascript/rhino/Node:isCall()Z,0.00197910520795
com/google/javascript/jscomp/Compiler:getCodingConvention()Lcom/google/javascript/jscomp/CodingConvention;,0.00196897239201
com/google/javascript/jscomp/CodePrinter:toSource(Lcom/google/javascript/rhino/Node;Lcom/google/javascript/jscomp/CodePrinter$Format;Lcom/google/javascript/jscomp/CompilerOptions;Lcom/google/javascript/jscomp/SourceMap;Z)Ljava/lang/String;,0.00196478759223
com/google/javascript/jscomp/Scope:getRootNode()Lcom/google/javascript/rhino/Node;,0.00195315050348
com/google/javascript/jscomp/Normalize$ScopeTicklingCallback:<init>(Lcom/google/javascript/jscomp/Normalize;)V,0.00194908959488
com/google/javascript/jscomp/Normalize$DuplicateDeclarationHandler:<init>(Lcom/google/javascript/jscomp/Normalize;)V,0.00194908959488
com/google/javascript/jscomp/Compiler:hoistExterns(Lcom/google/javascript/rhino/Node;)V,0.00194453606763
com/google/javascript/jscomp/MakeDeclaredNamesUnique$ContextualRenamer:<init>()V,0.00193739969305
com/google/javascript/jscomp/MakeDeclaredNamesUnique$ContextualRenamer:getReplacementName(Ljava/lang/String;)Ljava/lang/String;,0.00193422808054
com/google/javascript/rhino/Node$StringNode:isEquivalentTo(Lcom/google/javascript/rhino/Node;ZZ)Z,0.00193360006317
com/google/javascript/jscomp/MakeDeclaredNamesUnique:<init>(Lcom/google/javascript/jscomp/MakeDeclaredNamesUnique$Renamer;)V,0.00192795356135
com/google/javascript/rhino/Node:putBooleanProp(IZ)V,0.00192277038643
com/google/javascript/rhino/Node:hasChild(Lcom/google/javascript/rhino/Node;)Z,0.00191581783461
com/google/javascript/jscomp/AstValidator:validateNonNullString(Lcom/google/javascript/rhino/Node;)V,0.00190064898082
com/google/javascript/jscomp/CompilerInput:getAstRoot(Lcom/google/javascript/jscomp/AbstractCompiler;)Lcom/google/javascript/rhino/Node;,0.00189288581566
com/google/javascript/jscomp/AstValidator:validateIsSynthetic(Lcom/google/javascript/rhino/Node;)V,0.00188146264184
com/google/javascript/jscomp/Compiler:toSource(Lcom/google/javascript/rhino/Node;Lcom/google/javascript/jscomp/SourceMap;Z)Ljava/lang/String;,0.00188105964754
com/google/javascript/rhino/jstype/PrototypeObjectType:<init>(Lcom/google/javascript/rhino/jstype/JSTypeRegistry;Ljava/lang/String;Lcom/google/javascript/rhino/jstype/ObjectType;ZLcom/google/common/collect/ImmutableList;Lcom/google/common/collect/ImmutableList;)V,0.00185755359981
com/google/javascript/rhino/jstype/JSType:isUnionType()Z,0.00183125126938
com/google/javascript/jscomp/Normalize:<init>(Lcom/google/javascript/jscomp/AbstractCompiler;Z)V,0.00182198372812
com/google/javascript/rhino/Node:newNumber(D)Lcom/google/javascript/rhino/Node;,0.00182142767616
com/google/javascript/jscomp/CodeConsumer:appendOp(Ljava/lang/String;Z)V,0.00181535854912
com/google/javascript/rhino/jstype/ErrorFunctionType:<init>(Lcom/google/javascript/rhino/jstype/JSTypeRegistry;Ljava/lang/String;)V,0.00180833197272
com/google/javascript/rhino/Node:getJSDocInfo()Lcom/google/javascript/rhino/JSDocInfo;,0.00180181811812
com/google/javascript/rhino/jstype/JSTypeRegistry:addReferenceTypeIndexedByProperty(Ljava/lang/String;Lcom/google/javascript/rhino/jstype/JSType;)V,0.00179809645798
com/google/javascript/rhino/IR:block()Lcom/google/javascript/rhino/Node;,0.00179233204197
com/google/javascript/rhino/jstype/JSTypeRegistry:getNativeType(Lcom/google/javascript/rhino/jstype/JSTypeNative;)Lcom/google/javascript/rhino/jstype/JSType;,0.00178636745466
com/google/javascript/jscomp/NodeUtil:isStatementParent(Lcom/google/javascript/rhino/Node;)Z,0.00178412489797
com/google/javascript/rhino/Node:getLineno()I,0.00177446730831
com/google/javascript/jscomp/NodeUtil:isStatement(Lcom/google/javascript/rhino/Node;)Z,0.00176951639142
com/google/javascript/rhino/IR:block([Lcom/google/javascript/rhino/Node;)Lcom/google/javascript/rhino/Node;,0.00176667155819
com/google/javascript/jscomp/CodePrinter$MappedCodePrinter:getLastChar()C,0.00175853781981
com/google/javascript/jscomp/NodeTraversal:traverse(Lcom/google/javascript/rhino/Node;)V,0.00175148414595
com/google/javascript/jscomp/parsing/IRFactory:access$200(Lcom/google/javascript/jscomp/parsing/IRFactory;I)Lcom/google/javascript/rhino/Node;,0.00174074142159
com/google/javascript/rhino/jstype/FunctionType:getSuperClassConstructor()Lcom/google/javascript/rhino/jstype/FunctionType;,0.00173967211041
com/google/javascript/jscomp/parsing/IRFactory:newNumberNode(Ljava/lang/Double;)Lcom/google/javascript/rhino/Node;,0.0017312039717
com/google/javascript/rhino/jstype/InstanceObjectType:getConstructor()Lcom/google/javascript/rhino/jstype/FunctionType;,0.0017244785666
com/google/javascript/rhino/Node:getChildBefore(Lcom/google/javascript/rhino/Node;)Lcom/google/javascript/rhino/Node;,0.00172088273894
com/google/javascript/jscomp/Compiler:prepareAst(Lcom/google/javascript/rhino/Node;)V,0.00171236086452
com/google/javascript/jscomp/CompilerInput:isExtern()Z,0.0017091735086
com/google/javascript/rhino/jstype/FunctionType:setPrototype(Lcom/google/javascript/rhino/jstype/ObjectType;Lcom/google/javascript/rhino/Node;)Z,0.00169305907688
com/google/javascript/jscomp/CodePrinter$CompactCodePrinter:maybeCutLine()V,0.00169271686037
com/google/javascript/jscomp/PrepareAst$PrepareAnnotations:shouldTraverse(Lcom/google/javascript/jscomp/NodeTraversal;Lcom/google/javascript/rhino/Node;Lcom/google/javascript/rhino/Node;)Z,0.00169188988557
com/google/javascript/rhino/jstype/InstanceObjectType:getImplicitPrototype()Lcom/google/javascript/rhino/jstype/ObjectType;,0.00168716150824
com/google/javascript/rhino/jstype/JSTypeRegistry:createUnionType([Lcom/google/javascript/rhino/jstype/JSType;)Lcom/google/javascript/rhino/jstype/JSType;,0.0016863093459
com/google/javascript/jscomp/Compiler:initModules(Ljava/util/List;Ljava/util/List;Lcom/google/javascript/jscomp/CompilerOptions;)V,0.00168387915867
com/google/javascript/jscomp/CodeChangeHandler$RecentChange:reportChange()V,0.00168272185331
com/google/javascript/jscomp/Compiler:hoistNoCompileFiles()V,0.00167948424192
com/google/javascript/rhino/Node:isEquivalentTo(Lcom/google/javascript/rhino/Node;)Z,0.00167713432756
com/google/javascript/rhino/jstype/NoObjectType:<init>(Lcom/google/javascript/rhino/jstype/JSTypeRegistry;)V,0.00167487893527
com/google/javascript/jscomp/NodeTraversal:pushScope(Lcom/google/javascript/rhino/Node;)V,0.00167472042172
com/google/javascript/jscomp/Compiler:newTracer(Ljava/lang/String;)Lcom/google/javascript/jscomp/Tracer;,0.00166404052882
com/google/javascript/rhino/jstype/JSType:toMaybeUnionType()Lcom/google/javascript/rhino/jstype/UnionType;,0.00166070212106
com/google/javascript/rhino/testing/BaseJSTypeTestCase:addNativeProperties(Lcom/google/javascript/rhino/jstype/JSTypeRegistry;)V,0.00165531891998
com/google/javascript/jscomp/parsing/IRFactory:access$900(Lcom/google/javascript/jscomp/parsing/IRFactory;ILcom/google/javascript/rhino/Node;)Lcom/google/javascript/rhino/Node;,0.00164948360625
com/google/javascript/jscomp/JsAst:parse(Lcom/google/javascript/jscomp/AbstractCompiler;)V,0.00164833322106
com/google/javascript/jscomp/NodeTraversal:popScope()V,0.0016421594961
com/google/javascript/rhino/jstype/JSTypeRegistry:registerPropertyOnType(Ljava/lang/String;Lcom/google/javascript/rhino/jstype/JSType;)V,0.00163551250291
com/google/javascript/jscomp/NodeTraversal:traverseRoots(Lcom/google/javascript/jscomp/AbstractCompiler;Ljava/util/List;Lcom/google/javascript/jscomp/NodeTraversal$Callback;)V,0.00163021023759
com/google/javascript/jscomp/AstValidator:validateHasInputId(Lcom/google/javascript/rhino/Node;)V,0.00162973235913
com/google/javascript/jscomp/LineNumberCheck:process(Lcom/google/javascript/rhino/Node;Lcom/google/javascript/rhino/Node;)V,0.00162784264295
com/google/javascript/rhino/Node$NumberNode:<init>(D)V,0.00162582609654
com/google/javascript/jscomp/SyntacticScopeCreator:createScope(Lcom/google/javascript/rhino/Node;Lcom/google/javascript/jscomp/Scope;)Lcom/google/javascript/jscomp/Scope;,0.00161866591248
com/google/javascript/jscomp/parsing/IRFactory:access$1800(Lcom/google/javascript/jscomp/parsing/IRFactory;Ljava/lang/Double;)Lcom/google/javascript/rhino/Node;,0.00161441156444
com/google/javascript/rhino/IR:number(D)Lcom/google/javascript/rhino/Node;,0.00160306261867
com/google/javascript/rhino/jstype/JSType:toString()Ljava/lang/String;,0.00159675706528
com/google/javascript/rhino/jstype/JSType:isSubtype(Lcom/google/javascript/rhino/jstype/JSType;)Z,0.00159383524458
com/google/javascript/jscomp/CodeConsumer:isWordChar(C)Z,0.00159211574184
com/google/javascript/jscomp/parsing/IRFactory$TransformDispatcher:processGeneric(Lcom/google/javascript/rhino/head/Node;)Lcom/google/javascript/rhino/Node;,0.00159165563953
com/google/javascript/jscomp/CompilerOptions$TracerMode:isOn()Z,0.00158974876615
com/google/javascript/rhino/jstype/JSTypeRegistry:createParameters(Z[Lcom/google/javascript/rhino/jstype/JSType;)Lcom/google/javascript/rhino/Node;,0.00158856474672
com/google/javascript/rhino/Node:checkTreeEquals(Lcom/google/javascript/rhino/Node;)Ljava/lang/String;,0.0015878806809
com/google/javascript/jscomp/CodeGenerator:identifierEscape(Ljava/lang/String;)Ljava/lang/String;,0.00158155138915
com/google/javascript/jscomp/CodeConsumer:addIdentifier(Ljava/lang/String;)V,0.00158050224297
com/google/javascript/jscomp/Compiler:stopTracer(Lcom/google/javascript/jscomp/Tracer;Ljava/lang/String;)V,0.00157494993776
com/google/javascript/jscomp/AstValidator:validateHasSourceName(Lcom/google/javascript/rhino/Node;)V,0.00157071862783
com/google/javascript/jscomp/Tracer:<init>(Ljava/lang/String;Ljava/lang/String;)V,0.00156829326679
com/google/javascript/rhino/jstype/FunctionType:getInstanceType()Lcom/google/javascript/rhino/jstype/ObjectType;,0.00155830009093
com/google/javascript/jscomp/Tracer:stop(I)J,0.00155273802263
com/google/javascript/rhino/Node:getProp(I)Ljava/lang/Object;,0.00155219068519
com/google/javascript/jscomp/NodeTraversal:traverse(Lcom/google/javascript/jscomp/AbstractCompiler;Lcom/google/javascript/rhino/Node;Lcom/google/javascript/jscomp/NodeTraversal$Callback;)V,0.00155156086752
com/google/javascript/rhino/jstype/JSTypeRegistry:getNativeObjectType(Lcom/google/javascript/rhino/jstype/JSTypeNative;)Lcom/google/javascript/rhino/jstype/ObjectType;,0.00154767086389
com/google/javascript/jscomp/parsing/IRFactory$TransformDispatcher:processVariableDeclaration(Lcom/google/javascript/rhino/head/ast/VariableDeclaration;)Lcom/google/javascript/rhino/Node;,0.0015414212377
com/google/javascript/rhino/jstype/JSTypeRegistry:createOptionalParameters([Lcom/google/javascript/rhino/jstype/JSType;)Lcom/google/javascript/rhino/Node;,0.00152692299557
com/google/javascript/rhino/jstype/JSType:isEquivalentTo(Lcom/google/javascript/rhino/jstype/JSType;)Z,0.00152624554462
com/google/javascript/jscomp/CodePrinter$CompactCodePrinter:endFile()V,0.00152413994415
com/google/javascript/rhino/jstype/JSTypeRegistry:createParametersWithVarArgs([Lcom/google/javascript/rhino/jstype/JSType;)Lcom/google/javascript/rhino/Node;,0.00152383236868
com/google/javascript/jscomp/parsing/IRFactory:setSourceInfo(Lcom/google/javascript/rhino/Node;Lcom/google/javascript/rhino/head/ast/AstNode;)V,0.00152162055591
com/google/javascript/jscomp/parsing/IRFactory$TransformDispatcher:processNumberLiteral(Lcom/google/javascript/rhino/head/ast/NumberLiteral;)Lcom/google/javascript/rhino/Node;,0.00151620164021
com/google/javascript/jscomp/SourceFile:isExtern()Z,0.0015147611531
com/google/javascript/jscomp/DependencyOptions:needsManagement()Z,0.00151212756435
com/google/javascript/rhino/jstype/JSTypeRegistry:createOptionalType(Lcom/google/javascript/rhino/jstype/JSType;)Lcom/google/javascript/rhino/jstype/JSType;,0.00150771502956
com/google/javascript/rhino/jstype/PrototypeObjectType:getCtorExtendedInterfaces()Ljava/lang/Iterable;,0.00150523817663
com/google/javascript/jscomp/Compiler:toSource(Lcom/google/javascript/rhino/Node;)Ljava/lang/String;,0.001496000101
com/google/javascript/jscomp/NodeTraversal:getScopeRoot()Lcom/google/javascript/rhino/Node;,0.00149435318365
com/google/javascript/jscomp/parsing/IRFactory:transformNameAsString(Lcom/google/javascript/rhino/head/ast/Name;)Lcom/google/javascript/rhino/Node;,0.00149133266847
com/google/javascript/jscomp/Compiler:hasErrors()Z,0.00149106233319
com/google/javascript/rhino/jstype/FunctionParamBuilder:newParameter(Lcom/google/javascript/rhino/jstype/JSType;)Lcom/google/javascript/rhino/Node;,0.0014856055781
com/google/javascript/jscomp/parsing/IRFactory$TransformDispatcher:processExpressionStatement(Lcom/google/javascript/rhino/head/ast/ExpressionStatement;)Lcom/google/javascript/rhino/Node;,0.00147933088349
com/google/javascript/jscomp/Scope:getVars()Ljava/util/Iterator;,0.00147880699343
com/google/javascript/rhino/Node:setCharno(I)V,0.00147850882849
com/google/javascript/jscomp/Compiler:<init>(Ljava/io/PrintStream;)V,0.00147781831758
com/google/javascript/rhino/jstype/FunctionParamBuilder:addVarArgs(Lcom/google/javascript/rhino/jstype/JSType;)Z,0.00147586850326
com/google/javascript/rhino/jstype/JSType:isFunctionType()Z,0.00147545235808
com/google/javascript/rhino/jstype/PrototypeObjectType:implicitPrototypeChainIsUnknown()Z,0.00147439824321
com/google/javascript/rhino/jstype/JSTypeRegistry:createArrowType(Lcom/google/javascript/rhino/Node;Lcom/google/javascript/rhino/jstype/JSType;)Lcom/google/javascript/rhino/jstype/ArrowType;,0.00147339044419
com/google/javascript/jscomp/NodeTraversal$AbstractPostOrderCallback:shouldTraverse(Lcom/google/javascript/jscomp/NodeTraversal;Lcom/google/javascript/rhino/Node;Lcom/google/javascript/rhino/Node;)Z,0.00147071523539
com/google/javascript/rhino/jstype/InstanceObjectType:getCtorExtendedInterfaces()Ljava/lang/Iterable;,0.00146919444207
com/google/javascript/jscomp/NodeTraversal:<init>(Lcom/google/javascript/jscomp/AbstractCompiler;Lcom/google/javascript/jscomp/NodeTraversal$Callback;)V,0.00146752170351
com/google/javascript/jscomp/CodePrinter$CompactCodePrinter:<init>(ZZIZLcom/google/javascript/jscomp/SourceMap$DetailLevel;Lcom/google/javascript/jscomp/CodePrinter$1;)V,0.00146619454318
com/google/javascript/jscomp/parsing/IRFactory$TransformDispatcher:processAstRoot(Lcom/google/javascript/rhino/head/ast/AstRoot;)Lcom/google/javascript/rhino/Node;,0.00146059534858
com/google/javascript/jscomp/CodePrinter:access$100(Lcom/google/javascript/rhino/Node;Lcom/google/javascript/jscomp/CodePrinter$Format;Lcom/google/javascript/jscomp/CompilerOptions;Lcom/google/javascript/jscomp/SourceMap;Z)Ljava/lang/String;,0.00145901000715
com/google/javascript/jscomp/parsing/IRFactory:newNode(ILcom/google/javascript/rhino/Node;)Lcom/google/javascript/rhino/Node;,0.00145889498425
com/google/javascript/rhino/Node:detachFromParent()Lcom/google/javascript/rhino/Node;,0.00145849761006
com/google/javascript/jscomp/CodePrinter$Builder:setCompilerOptions(Lcom/google/javascript/jscomp/CompilerOptions;)Lcom/google/javascript/jscomp/CodePrinter$Builder;,0.00145834259995
com/google/javascript/jscomp/parsing/IRFactory:access$1500(Lcom/google/javascript/jscomp/parsing/IRFactory;)Lcom/google/javascript/jscomp/parsing/Config;,0.00145779691835
com/google/javascript/rhino/jstype/ObjectType:isImplicitPrototype(Lcom/google/javascript/rhino/jstype/ObjectType;)Z,0.00145720442181
com/google/javascript/jscomp/CodePrinter$Builder:<init>(Lcom/google/javascript/rhino/Node;)V,0.0014551707336
com/google/javascript/jscomp/CodePrinter$Builder:build()Ljava/lang/String;,0.00145237054032
com/google/javascript/rhino/IR:mayBeStatement(Lcom/google/javascript/rhino/Node;)Z,0.00144654830774
com/google/javascript/rhino/Node:setLineno(I)V,0.00144196053342
com/google/javascript/rhino/jstype/FunctionBuilder:build()Lcom/google/javascript/rhino/jstype/FunctionType;,0.00144190141587
com/google/javascript/rhino/jstype/PrototypeObjectType:setImplicitPrototype(Lcom/google/javascript/rhino/jstype/ObjectType;)V,0.00144090693768
com/google/javascript/rhino/jstype/JSType:isUnknownType()Z,0.00144087581427
com/google/javascript/rhino/jstype/FunctionType:isInterface()Z,0.00143948790447
com/google/javascript/rhino/jstype/FunctionType:setPrototypeBasedOn(Lcom/google/javascript/rhino/jstype/ObjectType;Lcom/google/javascript/rhino/Node;)V,0.00143594689143
com/google/javascript/jscomp/CodePrinter$CompactCodePrinter:<init>(ZZIZLcom/google/javascript/jscomp/SourceMap$DetailLevel;)V,0.00143487531503
com/google/javascript/rhino/jstype/ValueType:<init>(Lcom/google/javascript/rhino/jstype/JSTypeRegistry;)V,0.00143034723199
com/google/javascript/rhino/Node:lookupProperty(I)Lcom/google/javascript/rhino/Node$PropListItem;,0.0014291103465
com/google/javascript/rhino/testing/BaseJSTypeTestCase:addMethod(Lcom/google/javascript/rhino/jstype/JSTypeRegistry;Lcom/google/javascript/rhino/jstype/ObjectType;Ljava/lang/String;Lcom/google/javascript/rhino/jstype/JSType;)V,0.001421236911
com/google/javascript/jscomp/NodeTraversal:getSourceName(Lcom/google/javascript/rhino/Node;)Ljava/lang/String;,0.00142026697813
com/google/javascript/rhino/jstype/ObjectType:defineDeclaredProperty(Ljava/lang/String;Lcom/google/javascript/rhino/jstype/JSType;Lcom/google/javascript/rhino/Node;)Z,0.00142015620039
com/google/javascript/jscomp/CodePrinter$MappedCodePrinter:<init>(IZLcom/google/javascript/jscomp/SourceMap$DetailLevel;)V,0.00141953485945
com/google/javascript/rhino/jstype/JSType:<init>(Lcom/google/javascript/rhino/jstype/JSTypeRegistry;)V,0.0014146643978
com/google/javascript/jscomp/Compiler:initCompilerOptionsIfTesting()V,0.00141282462733
com/google/javascript/jscomp/Scope:isDeclared(Ljava/lang/String;Z)Z,0.00141211242501
com/google/javascript/rhino/jstype/JSType:isEmptyType()Z,0.00140947092626
com/google/javascript/rhino/jstype/JSTypeRegistry:createNativeFunctionType(Lcom/google/javascript/rhino/jstype/JSType;Lcom/google/javascript/rhino/Node;)Lcom/google/javascript/rhino/jstype/FunctionType;,0.00140619025066
com/google/javascript/rhino/jstype/InstanceObjectType:getReferenceName()Ljava/lang/String;,0.00140389408924
com/google/javascript/jscomp/Tracer:stop()J,0.00140336029462
com/google/javascript/jscomp/Tracer$ThreadTrace:isInitialized()Z,0.00140316842303
com/google/javascript/jscomp/Tracer$1:currentTimeMillis()J,0.00140316842303
com/google/javascript/jscomp/Tracer:getThreadTrace()Lcom/google/javascript/jscomp/Tracer$ThreadTrace;,0.0014031682279
com/google/javascript/rhino/jstype/FunctionType:getInternalArrowType()Lcom/google/javascript/rhino/jstype/ArrowType;,0.00140093584676
com/google/javascript/rhino/jstype/InstanceObjectType:hasReferenceName()Z,0.00140034302064
com/google/javascript/rhino/jstype/JSType:toObjectType()Lcom/google/javascript/rhino/jstype/ObjectType;,0.00139819286243
com/google/javascript/rhino/jstype/FunctionType:toMaybeFunctionType()Lcom/google/javascript/rhino/jstype/FunctionType;,0.00139632644198
com/google/javascript/rhino/jstype/JSType:toMaybeFunctionType()Lcom/google/javascript/rhino/jstype/FunctionType;,0.00139621849627
com/google/javascript/jscomp/parsing/IRFactory:<init>(Ljava/lang/String;Lcom/google/javascript/rhino/jstype/StaticSourceFile;Lcom/google/javascript/jscomp/parsing/Config;Lcom/google/javascript/rhino/head/ErrorReporter;)V,0.00139492733459
com/google/javascript/rhino/jstype/PrototypeObjectType:getConstructor()Lcom/google/javascript/rhino/jstype/FunctionType;,0.00139405271435
com/google/javascript/jscomp/ComposeWarningsGuard:enables(Lcom/google/javascript/jscomp/DiagnosticGroup;)Z,0.00139239024714
com/google/javascript/jscomp/CompilerInput:getName()Ljava/lang/String;,0.00139056105059
com/google/javascript/rhino/jstype/FunctionParamBuilder:hasVarArgs()Z,0.00138972392313
com/google/javascript/jscomp/CompilerOptions:getLanguageOut()Lcom/google/javascript/jscomp/CompilerOptions$LanguageMode;,0.00138903433339
com/google/javascript/jscomp/CodePrinter$Builder:setTagAsStrict(Z)Lcom/google/javascript/jscomp/CodePrinter$Builder;,0.00138884542148
com/google/javascript/rhino/jstype/JSType:toMaybeRecordType()Lcom/google/javascript/rhino/jstype/RecordType;,0.00138880726632
com/google/javascript/rhino/jstype/JSType:isRecordType()Z,0.0013887985638
com/google/javascript/rhino/jstype/FunctionParamBuilder:addOptionalParams([Lcom/google/javascript/rhino/jstype/JSType;)Z,0.00138695530854
com/google/javascript/rhino/jstype/PrototypeObjectType:getImplicitPrototype()Lcom/google/javascript/rhino/jstype/ObjectType;,0.00138600350087
com/google/javascript/rhino/Node:<init>(I)V,0.00138507098045
com/google/javascript/rhino/Node:putProp(ILjava/lang/Object;)V,0.00138183453698
com/google/javascript/rhino/Node:getSourceFileName()Ljava/lang/String;,0.00138062113376
com/google/javascript/jscomp/CodePrinter$Builder:setSourceMap(Lcom/google/javascript/jscomp/SourceMap;)Lcom/google/javascript/jscomp/CodePrinter$Builder;,0.00138058742663
com/google/javascript/jscomp/CodeConsumer:endFile()V,0.00137993792212
com/google/javascript/jscomp/parsing/IRFactory:transform(Lcom/google/javascript/rhino/head/ast/AstNode;)Lcom/google/javascript/rhino/Node;,0.001375158003
com/google/javascript/jscomp/CodePrinter$MappedCodePrinter:getCode()Ljava/lang/String;,0.00137169691336
com/google/javascript/jscomp/CodeGenerator:<init>(Lcom/google/javascript/jscomp/CodeConsumer;Ljava/nio/charset/Charset;Z)V,0.00137168806549
com/google/javascript/rhino/jstype/AllType:isAllType()Z,0.00137067043128
com/google/javascript/rhino/jstype/JSType:isAllType()Z,0.00137056423737
com/google/javascript/rhino/jstype/NoType:<init>(Lcom/google/javascript/rhino/jstype/JSTypeRegistry;)V,0.00136857127286
com/google/javascript/rhino/jstype/JSTypeRegistry:createNativeFunctionTypeWithVarArgs(Lcom/google/javascript/rhino/jstype/JSType;[Lcom/google/javascript/rhino/jstype/JSType;)Lcom/google/javascript/rhino/jstype/FunctionType;,0.001367507413
com/google/javascript/rhino/jstype/ArrowType:<init>(Lcom/google/javascript/rhino/jstype/JSTypeRegistry;Lcom/google/javascript/rhino/Node;Lcom/google/javascript/rhino/jstype/JSType;Z)V,0.00136684841867
com/google/javascript/jscomp/SourceFile:getName()Ljava/lang/String;,0.00136443702416
com/google/javascript/jscomp/NodeTraversal:inGlobalScope()Z,0.00136353183821
com/google/javascript/rhino/jstype/FunctionType:isConstructor()Z,0.00135999376521
com/google/javascript/jscomp/Scope:isGlobal()Z,0.00135542510752
com/google/javascript/jscomp/ComposeWarningsGuard:<init>(Ljava/util/List;)V,0.00135471422278
com/google/javascript/jscomp/Compiler:initInputsByIdMap()V,0.00135248525205
com/google/javascript/jscomp/CompilerOptions:clone()Ljava/lang/Object;,0.00135242639885
com/google/javascript/jscomp/Compiler:fillEmptyModules(Ljava/util/List;)V,0.00134653226222
com/google/javascript/rhino/Node:removeProp(Lcom/google/javascript/rhino/Node$PropListItem;I)Lcom/google/javascript/rhino/Node$PropListItem;,0.00134463238571
com/google/javascript/jscomp/parsing/IRFactory:access$400(Lcom/google/javascript/jscomp/parsing/IRFactory;Lcom/google/javascript/rhino/head/ast/Name;)Lcom/google/javascript/rhino/Node;,0.00134444252856
com/google/javascript/rhino/jstype/JSTypeRegistry$1:<init>(Lcom/google/javascript/rhino/jstype/JSTypeRegistry;Lcom/google/javascript/rhino/jstype/JSTypeRegistry;Ljava/lang/String;Lcom/google/javascript/rhino/Node;Lcom/google/javascript/rhino/jstype/ArrowType;Lcom/google/javascript/rhino/jstype/JSType;Lcom/google/common/collect/ImmutableList;ZZ)V,0.00134235640881
com/google/javascript/rhino/jstype/JSTypeRegistry:resetForTypeCheck()V,0.00133928296208
com/google/javascript/jscomp/CodeConsumer:<init>()V,0.00133867465149
com/google/javascript/jscomp/parsing/IRFactory$TransformDispatcher:processVariableInitializer(Lcom/google/javascript/rhino/head/ast/VariableInitializer;)Lcom/google/javascript/rhino/Node;,0.00133779646523
com/google/javascript/jscomp/AstValidator$1:<init>(Lcom/google/javascript/jscomp/AstValidator;)V,0.00133564997128
com/google/javascript/jscomp/AstValidator:<init>()V,0.00133562850809
com/google/javascript/rhino/jstype/JSTypeRegistry:createFunctionType(Lcom/google/javascript/rhino/jstype/JSType;Lcom/google/javascript/rhino/Node;)Lcom/google/javascript/rhino/jstype/FunctionType;,0.00133390920242
com/google/javascript/jscomp/LineNumberCheck:<init>(Lcom/google/javascript/jscomp/AbstractCompiler;)V,0.00133293225771
com/google/javascript/jscomp/Scope:getParent()Lcom/google/javascript/jscomp/Scope;,0.00132994557911
com/google/javascript/jscomp/NodeTraversal:getInput()Lcom/google/javascript/jscomp/CompilerInput;,0.00132672344875
com/google/javascript/jscomp/parsing/IRFactory:access$100(I)I,0.00132511575076
com/google/javascript/jscomp/Compiler:getParserConfig()Lcom/google/javascript/jscomp/parsing/Config;,0.00132480774307
com/google/javascript/jscomp/Scope:declare(Ljava/lang/String;Lcom/google/javascript/rhino/Node;Lcom/google/javascript/rhino/jstype/JSType;Lcom/google/javascript/jscomp/CompilerInput;)Lcom/google/javascript/jscomp/Scope$Var;,0.00132474671454
com/google/javascript/jscomp/Scope:isLocal()Z,0.00132436493992
com/google/javascript/jscomp/parsing/IRFactory:access$1300(Lcom/google/javascript/jscomp/parsing/IRFactory;Lcom/google/javascript/rhino/Node;Lcom/google/javascript/rhino/head/ast/AstNode;)V,0.00132252274259
com/google/javascript/rhino/jstype/InstanceObjectType:defineProperty(Ljava/lang/String;Lcom/google/javascript/rhino/jstype/JSType;ZLcom/google/javascript/rhino/Node;)Z,0.00132077703849
com/google/javascript/jscomp/CodeChangeHandler$RecentChange:hasCodeChanged()Z,0.00131531541635
com/google/javascript/jscomp/JSModule:add(Lcom/google/javascript/jscomp/SourceFile;)V,0.00131358821057
com/google/javascript/jscomp/DiagnosticGroupWarningsGuard:<init>(Lcom/google/javascript/jscomp/DiagnosticGroup;Lcom/google/javascript/jscomp/CheckLevel;)V,0.00130027385628
com/google/javascript/jscomp/Compiler:getInput(Lcom/google/javascript/rhino/InputId;)Lcom/google/javascript/jscomp/CompilerInput;,0.00129552135377
com/google/javascript/rhino/jstype/FunctionType:setInstanceType(Lcom/google/javascript/rhino/jstype/ObjectType;)V,0.00129204512827
com/google/javascript/rhino/jstype/JSTypeRegistry:createNullableType(Lcom/google/javascript/rhino/jstype/JSType;)Lcom/google/javascript/rhino/jstype/JSType;,0.00129150292317
com/google/javascript/rhino/jstype/FunctionParamBuilder:hasOptionalOrVarArgs()Z,0.00129105122859
com/google/javascript/jscomp/ComposeWarningsGuard:addGuard(Lcom/google/javascript/jscomp/WarningsGuard;)V,0.00129016115851
com/google/javascript/rhino/jstype/JSTypeRegistry:initializeRegistry()V,0.00128889101751
com/google/javascript/rhino/jstype/PrototypeObjectType:defineProperty(Ljava/lang/String;Lcom/google/javascript/rhino/jstype/JSType;ZLcom/google/javascript/rhino/Node;)Z,0.00128847906668
com/google/javascript/rhino/jstype/JSType:hasAnyTemplateTypes()Z,0.00128750738898
com/google/javascript/rhino/jstype/InstanceObjectType:<init>(Lcom/google/javascript/rhino/jstype/JSTypeRegistry;Lcom/google/javascript/rhino/jstype/FunctionType;ZLcom/google/common/collect/ImmutableList;)V,0.00128689188766
com/google/javascript/rhino/Node:setIsSyntheticBlock(Z)V,0.00128613201259
com/google/javascript/jscomp/parsing/ParserRunner:parse(Lcom/google/javascript/rhino/jstype/StaticSourceFile;Ljava/lang/String;Lcom/google/javascript/jscomp/parsing/Config;Lcom/google/javascript/rhino/head/ErrorReporter;Ljava/util/logging/Logger;)Lcom/google/javascript/rhino/Node;,0.00128234200899
com/google/javascript/jscomp/NodeTraversal$AbstractPostOrderCallback:<init>()V,0.00128029532697
com/google/javascript/rhino/jstype/FunctionType:setPrototypeBasedOn(Lcom/google/javascript/rhino/jstype/ObjectType;)V,0.00127740248857
com/google/javascript/rhino/jstype/NullType:<init>(Lcom/google/javascript/rhino/jstype/JSTypeRegistry;)V,0.00127728360319
com/google/javascript/rhino/jstype/VoidType:<init>(Lcom/google/javascript/rhino/jstype/JSTypeRegistry;)V,0.00127728360319
com/google/javascript/rhino/jstype/StringType:<init>(Lcom/google/javascript/rhino/jstype/JSTypeRegistry;)V,0.00127728360319
com/google/javascript/rhino/jstype/NumberType:<init>(Lcom/google/javascript/rhino/jstype/JSTypeRegistry;)V,0.00127728360319
com/google/javascript/rhino/jstype/BooleanType:<init>(Lcom/google/javascript/rhino/jstype/JSTypeRegistry;)V,0.00127728360319
com/google/javascript/jscomp/Compiler:getAllInputsFromModules(Ljava/util/List;)Ljava/util/List;,0.001276981743
com/google/javascript/rhino/jstype/AllType:<init>(Lcom/google/javascript/rhino/jstype/JSTypeRegistry;)V,0.00127634350422
com/google/javascript/rhino/Node:removeProp(I)V,0.00127352870713
com/google/javascript/rhino/jstype/NoResolvedType:<init>(Lcom/google/javascript/rhino/jstype/JSTypeRegistry;)V,0.00127350352523
com/google/javascript/rhino/Node:clonePropsFrom(Lcom/google/javascript/rhino/Node;)Lcom/google/javascript/rhino/Node;,0.0012733499351
com/google/javascript/jscomp/CodeChangeHandler$RecentChange:reset()V,0.00127321610392
com/google/javascript/jscomp/Compiler:init(Ljava/util/List;Ljava/util/List;Lcom/google/javascript/jscomp/CompilerOptions;)V,0.00126633764107
com/google/javascript/jscomp/CompilerInput:getInputId()Lcom/google/javascript/rhino/InputId;,0.00126509947925
com/google/javascript/jscomp/parsing/IRFactory:newNode(ILcom/google/javascript/rhino/Node;Lcom/google/javascript/rhino/Node;)Lcom/google/javascript/rhino/Node;,0.00126436774834
com/google/javascript/rhino/jstype/JSTypeRegistry:createFunctionType(Lcom/google/javascript/rhino/jstype/JSType;Z[Lcom/google/javascript/rhino/jstype/JSType;)Lcom/google/javascript/rhino/jstype/FunctionType;,0.0012638995347
com/google/javascript/rhino/jstype/JSTypeRegistry:createArrowType(Lcom/google/javascript/rhino/Node;)Lcom/google/javascript/rhino/jstype/ArrowType;,0.00126383577217
com/google/javascript/rhino/jstype/UnionTypeBuilder:build()Lcom/google/javascript/rhino/jstype/JSType;,0.00126106911715
com/google/javascript/rhino/jstype/FunctionType:getExtendedInterfaces()Ljava/lang/Iterable;,0.00126021416771
com/google/javascript/rhino/jstype/UnknownType:<init>(Lcom/google/javascript/rhino/jstype/JSTypeRegistry;Z)V,0.00125862955509
com/google/javascript/jscomp/parsing/IRFactory:transformTree(Lcom/google/javascript/rhino/head/ast/AstRoot;Lcom/google/javascript/rhino/jstype/StaticSourceFile;Ljava/lang/String;Lcom/google/javascript/jscomp/parsing/Config;Lcom/google/javascript/rhino/head/ErrorReporter;)Lcom/google/javascript/rhino/Node;,0.00125809255672
com/google/javascript/jscomp/Compiler:hasHaltingErrors()Z,0.00125805378062
com/google/javascript/jscomp/Scope:<init>(Lcom/google/javascript/jscomp/Scope;Lcom/google/javascript/rhino/Node;)V,0.00125058398157
com/google/javascript/rhino/jstype/JSTypeRegistry:getNativeFunctionType(Lcom/google/javascript/rhino/jstype/JSTypeNative;)Lcom/google/javascript/rhino/jstype/FunctionType;,0.00125016897847
com/google/javascript/jscomp/Compiler:getTypeRegistry()Lcom/google/javascript/rhino/jstype/JSTypeRegistry;,0.00124885629951
com/google/javascript/jscomp/JSModule:getInputs()Ljava/util/List;,0.00124538869822
com/google/javascript/jscomp/CompilerInput:<init>(Lcom/google/javascript/jscomp/SourceAst;Z)V,0.00124049499232
com/google/javascript/rhino/jstype/FunctionParamBuilder:<init>(Lcom/google/javascript/rhino/jstype/JSTypeRegistry;)V,0.00123826087316
com/google/javascript/jscomp/CompilerInput:<init>(Lcom/google/javascript/jscomp/SourceFile;Z)V,0.00123794130668
com/google/javascript/jscomp/JsAst:getAstRoot(Lcom/google/javascript/jscomp/AbstractCompiler;)Lcom/google/javascript/rhino/Node;,0.00123648867815
com/google/javascript/jscomp/ClosureCodingConvention:<init>()V,0.0012364323568
com/google/javascript/jscomp/parsing/IRFactory:access$1400(Lcom/google/javascript/jscomp/parsing/IRFactory;I)I,0.00123629472221
com/google/javascript/rhino/jstype/PrototypeObjectType:getReferenceName()Ljava/lang/String;,0.001232163102
com/google/javascript/rhino/jstype/JSType:isNoResolvedType()Z,0.00123111279869
com/google/javascript/jscomp/SuppressDocWarningsGuard:<init>(Ljava/util/Map;)V,0.00123100128222
com/google/javascript/rhino/jstype/NoType:isNoType()Z,0.00123086947836
com/google/javascript/rhino/jstype/JSType:isNoType()Z,0.00123086947836
com/google/javascript/jscomp/CompilerOptions:setWarningLevel(Lcom/google/javascript/jscomp/DiagnosticGroup;Lcom/google/javascript/jscomp/CheckLevel;)V,0.00122879975686
com/google/javascript/jscomp/DiagnosticGroupWarningsGuard:enables(Lcom/google/javascript/jscomp/DiagnosticGroup;)Z,0.00122853271031
com/google/javascript/jscomp/parsing/IRFactory:access$1200(Lcom/google/javascript/jscomp/parsing/IRFactory;ILcom/google/javascript/rhino/Node;Lcom/google/javascript/rhino/Node;)Lcom/google/javascript/rhino/Node;,0.00122474600837
com/google/javascript/rhino/jstype/FunctionParamBuilder:addRequiredParams([Lcom/google/javascript/rhino/jstype/JSType;)Z,0.0012239561058
com/google/javascript/rhino/jstype/FunctionType:hasInstanceType()Z,0.00122381791352
com/google/javascript/rhino/Node$AbstractPropListItem:getType()I,0.00122338885704
com/google/javascript/rhino/jstype/JSType:<init>(Lcom/google/javascript/rhino/jstype/JSTypeRegistry;Lcom/google/common/collect/ImmutableList;Lcom/google/common/collect/ImmutableList;)V,0.00122332384619
com/google/javascript/jscomp/Scope:createGlobalScope(Lcom/google/javascript/rhino/Node;)Lcom/google/javascript/jscomp/Scope;,0.00122311942296
com/google/javascript/jscomp/Scope:declare(Ljava/lang/String;Lcom/google/javascript/rhino/Node;Lcom/google/javascript/rhino/jstype/JSType;Lcom/google/javascript/jscomp/CompilerInput;Z)Lcom/google/javascript/jscomp/Scope$Var;,0.00121979431017
com/google/javascript/jscomp/parsing/IRFactory$TransformDispatcher:processName(Lcom/google/javascript/rhino/head/ast/Name;Z)Lcom/google/javascript/rhino/Node;,0.00121833335983
com/google/javascript/jscomp/parsing/IRFactory:newNode(I)Lcom/google/javascript/rhino/Node;,0.00121775286566
com/google/javascript/jscomp/PrepareAst:process(Lcom/google/javascript/rhino/Node;Lcom/google/javascript/rhino/Node;)V,0.00121587799723
com/google/javascript/jscomp/CompilerOptions:getCodingConvention()Lcom/google/javascript/jscomp/CodingConvention;,0.00121530469962
com/google/javascript/jscomp/BasicErrorManager:getWarningCount()I,0.00121391395614
com/google/javascript/jscomp/Compiler:createMessageFormatter()Lcom/google/javascript/jscomp/MessageFormatter;,0.00121226047015
com/google/javascript/jscomp/Scope$Var:<init>(ZLjava/lang/String;Lcom/google/javascript/rhino/Node;Lcom/google/javascript/rhino/jstype/JSType;Lcom/google/javascript/jscomp/Scope;ILcom/google/javascript/jscomp/CompilerInput;Lcom/google/javascript/jscomp/Scope$1;)V,0.0012111566643
com/google/javascript/rhino/jstype/JSTypeRegistry:createFunctionTypeWithVarArgs(Lcom/google/javascript/rhino/jstype/JSType;[Lcom/google/javascript/rhino/jstype/JSType;)Lcom/google/javascript/rhino/jstype/FunctionType;,0.00120939066455
com/google/javascript/rhino/jstype/FunctionBuilder:withReturnType(Lcom/google/javascript/rhino/jstype/JSType;)Lcom/google/javascript/rhino/jstype/FunctionBuilder;,0.00120879937333
com/google/javascript/rhino/jstype/FunctionBuilder:<init>(Lcom/google/javascript/rhino/jstype/JSTypeRegistry;)V,0.00120869675998
com/google/javascript/rhino/jstype/ArrowType:<init>(Lcom/google/javascript/rhino/jstype/JSTypeRegistry;Lcom/google/javascript/rhino/Node;Lcom/google/javascript/rhino/jstype/JSType;)V,0.00120830660123
com/google/javascript/rhino/jstype/InstanceObjectType:isNominalType()Z,0.00120830410322
com/google/javascript/rhino/jstype/ObjectType:isFunctionPrototypeType()Z,0.00120567407372
com/google/javascript/jscomp/SourceFile$Preloaded:<init>(Ljava/lang/String;Ljava/lang/String;Ljava/lang/String;)V,0.00120486837068
com/google/javascript/rhino/jstype/JSTypeRegistry:register(Lcom/google/javascript/rhino/jstype/JSType;)V,0.00120201569394
com/google/javascript/rhino/jstype/ObjectType$Property:getType()Lcom/google/javascript/rhino/jstype/JSType;,0.00120100100263
com/google/javascript/rhino/jstype/ObjectType:hasOwnDeclaredProperty(Ljava/lang/String;)Z,0.00120078455507
com/google/javascript/rhino/Node:<init>(ILcom/google/javascript/rhino/Node;)V,0.00119996016411
com/google/javascript/jscomp/Compiler:makeCompilerInput(Ljava/util/List;Z)Ljava/util/List;,0.00119724332858
com/google/javascript/rhino/Node:newString(ILjava/lang/String;)Lcom/google/javascript/rhino/Node;,0.00119694850077
com/google/javascript/jscomp/Compiler:checkFirstModule(Ljava/util/List;)V,0.00119311993311
com/google/javascript/rhino/jstype/JSTypeRegistry:registerNativeType(Lcom/google/javascript/rhino/jstype/JSTypeNative;Lcom/google/javascript/rhino/jstype/JSType;)V,0.00119118933405
com/google/javascript/jscomp/parsing/IRFactory:createTemplateNode()Lcom/google/javascript/rhino/Node;,0.00119101354655
com/google/javascript/rhino/Node$IntPropListItem:chain(Lcom/google/javascript/rhino/Node$PropListItem;)Lcom/google/javascript/rhino/Node$PropListItem;,0.0011900922674
com/google/javascript/jscomp/ComposeWarningsGuard:addGuards(Ljava/lang/Iterable;)V,0.00118518684384
com/google/javascript/jscomp/WarningsGuard:<init>()V,0.00118220218249
com/google/javascript/rhino/Node:getCharno()I,0.00118092313811
com/google/javascript/rhino/jstype/JSType:hasAnyTemplateTypesInternal()Z,0.00117825685164
com/google/javascript/rhino/jstype/PrototypeObjectType:hasCachedValues()Z,0.00117737582155
com/google/javascript/jscomp/Compiler:addChangeHandler(Lcom/google/javascript/jscomp/CodeChangeHandler;)V,0.0011751183863
com/google/javascript/jscomp/GoogleCodingConvention:<init>()V,0.00117489114182
com/google/javascript/rhino/jstype/JSTypeRegistry:<init>(Lcom/google/javascript/rhino/ErrorReporter;Z)V,0.0011744170084
com/google/javascript/rhino/Node:setVarArgs(Z)V,0.00117359970503
com/google/javascript/jscomp/JsAst:<init>(Lcom/google/javascript/jscomp/SourceFile;)V,0.00117346647615
com/google/javascript/jscomp/NodeTraversal:getScopeDepth()I,0.00117342823986
com/google/javascript/jscomp/parsing/IRFactory:newStringNode(ILjava/lang/String;)Lcom/google/javascript/rhino/Node;,0.00117080496277
com/google/javascript/rhino/Node:setOptionalArg(Z)V,0.00116840505282
com/google/javascript/rhino/Node:getStaticSourceFile()Lcom/google/javascript/rhino/jstype/StaticSourceFile;,0.00116737228103
com/google/javascript/rhino/Node:setStaticSourceFile(Lcom/google/javascript/rhino/jstype/StaticSourceFile;)V,0.00116712439708
com/google/javascript/jscomp/CompilerOptions:enables(Lcom/google/javascript/jscomp/DiagnosticGroup;)Z,0.00116546013281
com/google/javascript/jscomp/GoogleCodingConvention:<init>(Lcom/google/javascript/jscomp/CodingConvention;)V,0.00116534202636
com/google/javascript/rhino/InputId:getIdName()Ljava/lang/String;,0.00116226639949
com/google/javascript/jscomp/CompilerOptions:getLanguageIn()Lcom/google/javascript/jscomp/CompilerOptions$LanguageMode;,0.00116077875712
com/google/javascript/jscomp/JSModule:add(Lcom/google/javascript/jscomp/CompilerInput;)V,0.00116048559997
com/google/javascript/jscomp/CompilerInput:<init>(Lcom/google/javascript/jscomp/SourceAst;Lcom/google/javascript/rhino/InputId;Z)V,0.00116040658925
com/google/javascript/rhino/jstype/PrototypeObjectType:<init>(Lcom/google/javascript/rhino/jstype/JSTypeRegistry;Ljava/lang/String;Lcom/google/javascript/rhino/jstype/ObjectType;)V,0.00115973527361
com/google/javascript/rhino/Node$AbstractPropListItem:getNext()Lcom/google/javascript/rhino/Node$PropListItem;,0.00115800351213
com/google/javascript/jscomp/SourceFile:fromCode(Ljava/lang/String;Ljava/lang/String;)Lcom/google/javascript/jscomp/SourceFile;,0.00115751130567
com/google/javascript/rhino/jstype/ObjectType$Property:<init>(Ljava/lang/String;Lcom/google/javascript/rhino/jstype/JSType;ZLcom/google/javascript/rhino/Node;)V,0.00115732268226
com/google/javascript/jscomp/LoggerErrorManager:<init>(Lcom/google/javascript/jscomp/MessageFormatter;Ljava/util/logging/Logger;)V,0.00115612971647
com/google/javascript/rhino/jstype/PrototypeObjectType:hasReferenceName()Z,0.00115600772554
com/google/javascript/jscomp/BasicErrorManager:getWarnings()[Lcom/google/javascript/jscomp/JSError;,0.00115573807816
com/google/javascript/rhino/Node$IntPropListItem:getIntValue()I,0.00115564049812
com/google/javascript/jscomp/CheckLevel:isOn()Z,0.00115497153092
com/google/javascript/rhino/Node:putIntProp(II)V,0.00115484819229
com/google/javascript/rhino/jstype/JSType:getNativeType(Lcom/google/javascript/rhino/jstype/JSTypeNative;)Lcom/google/javascript/rhino/jstype/JSType;,0.00115121383535
com/google/javascript/rhino/jstype/FunctionParamBuilder:build()Lcom/google/javascript/rhino/Node;,0.00114878407018
com/google/javascript/jscomp/ErrorFormat$2:toFormatter(Lcom/google/javascript/jscomp/SourceExcerptProvider;Z)Lcom/google/javascript/jscomp/MessageFormatter;,0.00114848588398
com/google/javascript/jscomp/ClosureCodingConvention:<init>(Lcom/google/javascript/jscomp/CodingConvention;)V,0.00114822725856
com/google/javascript/rhino/jstype/ObjectType:<init>(Lcom/google/javascript/rhino/jstype/JSTypeRegistry;Lcom/google/common/collect/ImmutableList;Lcom/google/common/collect/ImmutableList;)V,0.00114692216777
com/google/javascript/jscomp/RhinoErrorReporter:<init>(Lcom/google/javascript/jscomp/AbstractCompiler;Lcom/google/javascript/jscomp/RhinoErrorReporter$1;)V,0.00114664617388
com/google/javascript/rhino/jstype/UnionTypeBuilder:reduceAlternatesWithoutUnion()Lcom/google/javascript/rhino/jstype/JSType;,0.00114511698069
com/google/javascript/jscomp/RhinoErrorReporter:<init>(Lcom/google/javascript/jscomp/AbstractCompiler;)V,0.00114268384084
com/google/javascript/jscomp/Compiler:getDiagnosticGroups()Lcom/google/javascript/jscomp/DiagnosticGroups;,0.00114261966914
com/google/javascript/jscomp/Scope$Var:<init>(ZLjava/lang/String;Lcom/google/javascript/rhino/Node;Lcom/google/javascript/rhino/jstype/JSType;Lcom/google/javascript/jscomp/Scope;ILcom/google/javascript/jscomp/CompilerInput;)V,0.00114199315886
com/google/javascript/jscomp/CompilerOptions:<init>()V,0.00114193826183
com/google/javascript/jscomp/parsing/IRFactory$TransformDispatcher:processBlock(Lcom/google/javascript/rhino/head/ast/Block;)Lcom/google/javascript/rhino/Node;,0.00114103201317
com/google/javascript/jscomp/Scope:<init>(Lcom/google/javascript/rhino/Node;Z)V,0.00113281983215
com/google/javascript/jscomp/parsing/IRFactory:setFileOverviewJsDoc(Lcom/google/javascript/rhino/Node;)V,0.0011308043398
com/google/javascript/rhino/jstype/UnionTypeBuilder:<init>(Lcom/google/javascript/rhino/jstype/JSTypeRegistry;)V,0.00113034612551
com/google/javascript/rhino/jstype/InstanceObjectType:hashCode()I,0.00113002635409
com/google/javascript/jscomp/NodeTraversal:<init>(Lcom/google/javascript/jscomp/AbstractCompiler;Lcom/google/javascript/jscomp/NodeTraversal$Callback;Lcom/google/javascript/jscomp/ScopeCreator;)V,0.00112888568455
com/google/javascript/rhino/jstype/UnionTypeBuilder:<init>(Lcom/google/javascript/rhino/jstype/JSTypeRegistry;I)V,0.00112777966413
com/google/javascript/jscomp/BasicErrorManager:toArray(Lcom/google/javascript/jscomp/CheckLevel;)[Lcom/google/javascript/jscomp/JSError;,0.00112713121466
com/google/javascript/rhino/jstype/FunctionBuilder:withParamsNode(Lcom/google/javascript/rhino/Node;)Lcom/google/javascript/rhino/jstype/FunctionBuilder;,0.00112622793668
com/google/javascript/jscomp/BasicErrorManager:getErrors()[Lcom/google/javascript/jscomp/JSError;,0.00112495008201
com/google/javascript/rhino/jstype/PrototypeObjectType:getOwnerFunction()Lcom/google/javascript/rhino/jstype/FunctionType;,0.0011243223346
com/google/javascript/rhino/jstype/JSType:isNominalType()Z,0.00112401294039
com/google/javascript/rhino/jstype/JSType:toMaybeParameterizedType()Lcom/google/javascript/rhino/jstype/ParameterizedType;,0.00112400144313
com/google/javascript/rhino/jstype/UnionType:<init>(Lcom/google/javascript/rhino/jstype/JSTypeRegistry;Ljava/util/Collection;)V,0.00112237529411
com/google/javascript/rhino/jstype/ObjectType:<init>(Lcom/google/javascript/rhino/jstype/JSTypeRegistry;)V,0.00112222640808
com/google/javascript/jscomp/PrepareAst:<init>(Lcom/google/javascript/jscomp/AbstractCompiler;)V,0.00112194512725
com/google/javascript/rhino/jstype/NullType:toStringHelper(Z)Ljava/lang/String;,0.0011194491831
com/google/javascript/rhino/jstype/VoidType:toStringHelper(Z)Ljava/lang/String;,0.0011194491831
com/google/javascript/rhino/jstype/NumberType:toStringHelper(Z)Ljava/lang/String;,0.00111936171001
com/google/javascript/rhino/jstype/InstanceObjectType:toStringHelper(Z)Ljava/lang/String;,0.0011193530573
com/google/javascript/rhino/jstype/BooleanType:toStringHelper(Z)Ljava/lang/String;,0.00111918667609
com/google/javascript/rhino/jstype/StringType:toStringHelper(Z)Ljava/lang/String;,0.00111901228198
com/google/javascript/rhino/jstype/FunctionType:hasCachedValues()Z,0.00111891641007
com/google/javascript/jscomp/Compiler:initBasedOnOptions()V,0.00111823877881
com/google/javascript/jscomp/parsing/ParserRunner:createConfig(ZLcom/google/javascript/jscomp/parsing/Config$LanguageMode;ZLjava/util/Set;)Lcom/google/javascript/jscomp/parsing/Config;,0.00111694581703
com/google/javascript/jscomp/parsing/IRFactory:maybeSetLengthFrom(Lcom/google/javascript/rhino/Node;Lcom/google/javascript/rhino/head/ast/AstNode;)V,0.0011148708856
com/google/javascript/rhino/jstype/PrototypeObjectType:setPrettyPrint(Z)V,0.001112521306
com/google/javascript/rhino/jstype/JSTypeRegistry:register(Lcom/google/javascript/rhino/jstype/JSType;Ljava/lang/String;)V,0.00111113737732
com/google/javascript/jscomp/Compiler:isIdeMode()Z,0.00111045359371
com/google/javascript/jscomp/parsing/IRFactory:position2charno(I)I,0.00110877008191
com/google/javascript/jscomp/SyntacticScopeCreator:<init>(Lcom/google/javascript/jscomp/AbstractCompiler;)V,0.00110813658481
com/google/javascript/rhino/jstype/PrototypeObjectType:isNativeObjectType()Z,0.00110802295536
com/google/javascript/rhino/Node:<init>(ILcom/google/javascript/rhino/Node;Lcom/google/javascript/rhino/Node;)V,0.00110743521771
com/google/javascript/jscomp/CompilerInput:<init>(Lcom/google/javascript/jscomp/SourceFile;)V,0.00110723377483
com/google/javascript/jscomp/parsing/IRFactory:handleJsDoc(Lcom/google/javascript/rhino/head/ast/AstNode;Lcom/google/javascript/rhino/Node;)Lcom/google/javascript/rhino/JSDocInfo;,0.00110368477079
com/google/javascript/jscomp/Compiler:getErrorCount()I,0.00110315522557
com/google/javascript/jscomp/CompilerOptions:addWarningsGuard(Lcom/google/javascript/jscomp/WarningsGuard;)V,0.00110287879362
com/google/javascript/jscomp/RhinoErrorReporter:forNewRhino(Lcom/google/javascript/jscomp/AbstractCompiler;)Lcom/google/javascript/rhino/head/ErrorReporter;,0.00110179570296
com/google/javascript/jscomp/RhinoErrorReporter:forOldRhino(Lcom/google/javascript/jscomp/AbstractCompiler;)Lcom/google/javascript/rhino/ErrorReporter;,0.00110179570296
com/google/javascript/rhino/Node:mergeLineCharNo(II)I,0.00109976092689
com/google/javascript/jscomp/ComposeWarningsGuard:<init>([Lcom/google/javascript/jscomp/WarningsGuard;)V,0.00109870565933
com/google/javascript/jscomp/Compiler$4:<init>(Lcom/google/javascript/jscomp/Compiler;Ljava/lang/String;Z)V,0.00109784566551
com/google/javascript/jscomp/JsAst:getSourceFile()Lcom/google/javascript/jscomp/SourceFile;,0.00109741413617
com/google/javascript/jscomp/Compiler:putCompilerInput(Lcom/google/javascript/rhino/InputId;Lcom/google/javascript/jscomp/CompilerInput;)Lcom/google/javascript/jscomp/CompilerInput;,0.001096921748
com/google/javascript/jscomp/parsing/IRFactory$TransformDispatcher:<init>(Lcom/google/javascript/jscomp/parsing/IRFactory;Lcom/google/javascript/jscomp/parsing/IRFactory$1;)V,0.0010949180166
com/google/javascript/jscomp/parsing/IRFactory:access$1600(Lcom/google/javascript/jscomp/parsing/IRFactory;ILjava/lang/String;)Lcom/google/javascript/rhino/Node;,0.00109420765357
com/google/javascript/jscomp/SourceFile$Builder:buildFromCode(Ljava/lang/String;Ljava/lang/String;)Lcom/google/javascript/jscomp/SourceFile;,0.00109311561318
com/google/javascript/jscomp/JSModule:<init>(Ljava/lang/String;)V,0.00109231948495
com/google/javascript/rhino/Node$IntPropListItem:<init>(IILcom/google/javascript/rhino/Node$PropListItem;)V,0.00109154120987
com/google/javascript/jscomp/ComposeWarningsGuard$GuardComparator:<init>(Ljava/util/Map;Lcom/google/javascript/jscomp/ComposeWarningsGuard$1;)V,0.00109097163003
com/google/javascript/rhino/Node:getJsDocBuilderForNode()Lcom/google/javascript/rhino/Node$FileLevelJsDocBuilder;,0.00109081107854
com/google/javascript/jscomp/parsing/IRFactory:justTransform(Lcom/google/javascript/rhino/head/ast/AstNode;)Lcom/google/javascript/rhino/Node;,0.00109002123035
com/google/javascript/jscomp/Compiler:getWarnings()[Lcom/google/javascript/jscomp/JSError;,0.00109000590641
com/google/javascript/rhino/Node:setInputId(Lcom/google/javascript/rhino/InputId;)V,0.00108679918944
com/google/javascript/jscomp/CodingConventions:getDefault()Lcom/google/javascript/jscomp/CodingConvention;,0.00108648026709
com/google/javascript/jscomp/CompilerInput:setModule(Lcom/google/javascript/jscomp/JSModule;)V,0.00108596361776
com/google/javascript/jscomp/parsing/IRFactory$TransformDispatcher:isReservedKeyword(Ljava/lang/String;)Z,0.00108532380525
com/google/javascript/jscomp/SourceFile:access$000(Lcom/google/javascript/jscomp/SourceFile;Ljava/lang/String;)V,0.00108456588522
com/google/javascript/jscomp/LightweightMessageFormatter:<init>(Lcom/google/javascript/jscomp/SourceExcerptProvider;)V,0.00108267224266
com/google/javascript/jscomp/SyntacticScopeCreator$DefaultRedeclarationHandler:<init>(Lcom/google/javascript/jscomp/SyntacticScopeCreator;Lcom/google/javascript/jscomp/SyntacticScopeCreator$1;)V,0.00108263937034
com/google/javascript/jscomp/RhinoErrorReporter$NewRhinoErrorReporter:<init>(Lcom/google/javascript/jscomp/AbstractCompiler;)V,0.00108172477502
com/google/javascript/jscomp/RhinoErrorReporter$OldRhinoErrorReporter:<init>(Lcom/google/javascript/jscomp/AbstractCompiler;)V,0.00108172477502
com/google/javascript/jscomp/SourceFile:builder()Lcom/google/javascript/jscomp/SourceFile$Builder;,0.00108168369023
com/google/javascript/jscomp/CompilerOptions:getWarningsGuard()Lcom/google/javascript/jscomp/WarningsGuard;,0.00108164457098
com/google/javascript/jscomp/DiagnosticGroups:getRegisteredGroups()Ljava/util/Map;,0.00108164457098
com/google/javascript/jscomp/Compiler:setErrorManager(Lcom/google/javascript/jscomp/ErrorManager;)V,0.00108164434461
com/google/javascript/jscomp/CodingConventions$Proxy:<init>(Lcom/google/javascript/jscomp/CodingConvention;)V,0.00108164369316
com/google/javascript/rhino/jstype/PrototypeObjectType:setOwnerFunction(Lcom/google/javascript/rhino/jstype/FunctionType;)V,0.00108138098898
com/google/javascript/rhino/jstype/FunctionType:addSubType(Lcom/google/javascript/rhino/jstype/FunctionType;)V,0.00108138098898
com/google/javascript/jscomp/RhinoErrorReporter$OldRhinoErrorReporter:<init>(Lcom/google/javascript/jscomp/AbstractCompiler;Lcom/google/javascript/jscomp/RhinoErrorReporter$1;)V,0.00107916012601
com/google/javascript/jscomp/RhinoErrorReporter$NewRhinoErrorReporter:<init>(Lcom/google/javascript/jscomp/AbstractCompiler;Lcom/google/javascript/jscomp/RhinoErrorReporter$1;)V,0.00107916012601
com/google/javascript/jscomp/BasicErrorManager:<init>()V,0.00107645426717
com/google/javascript/jscomp/LightweightMessageFormatter:<init>(Lcom/google/javascript/jscomp/SourceExcerptProvider;Lcom/google/javascript/jscomp/SourceExcerptProvider$SourceExcerpt;)V,0.00107499480319
com/google/javascript/jscomp/CodingConventions$DefaultCodingConvention:<init>(Lcom/google/javascript/jscomp/CodingConventions$1;)V,0.0010737015001
com/google/javascript/jscomp/parsing/IRFactory$TransformDispatcher:<init>(Lcom/google/javascript/jscomp/parsing/IRFactory;)V,0.00107299363193
com/google/javascript/jscomp/ComposeWarningsGuard$GuardComparator:compare(Lcom/google/javascript/jscomp/WarningsGuard;Lcom/google/javascript/jscomp/WarningsGuard;)I,0.00107078808802
com/google/javascript/rhino/ScriptRuntime:getMessage0(Ljava/lang/String;)Ljava/lang/String;,0.0010670850439
com/google/javascript/rhino/Node:createProp(ILjava/lang/Object;Lcom/google/javascript/rhino/Node$PropListItem;)Lcom/google/javascript/rhino/Node$PropListItem;,0.00106613773535
com/google/javascript/jscomp/Compiler:getErrors()[Lcom/google/javascript/jscomp/JSError;,0.00106104599071
com/google/javascript/jscomp/Compiler:getDefaultErrorReporter()Lcom/google/javascript/rhino/head/ErrorReporter;,0.00105565133612
com/google/javascript/jscomp/SourceFile:getCode()Ljava/lang/String;,0.00105472515955
com/google/javascript/rhino/Node$StringNode:<init>(ILjava/lang/String;)V,0.00105428544122
com/google/javascript/rhino/jstype/PrototypeObjectType:hasOwnProperty(Ljava/lang/String;)Z,0.00105257523274
com/google/javascript/rhino/Node:setJSType(Lcom/google/javascript/rhino/jstype/JSType;)V,0.00104833342184
com/google/javascript/rhino/Node$ObjectPropListItem:<init>(ILjava/lang/Object;Lcom/google/javascript/rhino/Node$PropListItem;)V,0.00104696724989
com/google/javascript/rhino/jstype/JSType:isNoObjectType()Z,0.00104626117255
com/google/javascript/rhino/jstype/FunctionBuilder:forNativeType()Lcom/google/javascript/rhino/jstype/FunctionBuilder;,0.00104604068223
com/google/javascript/jscomp/Compiler:<init>()V,0.00104560929388
com/google/javascript/jscomp/parsing/Config:<init>(Ljava/util/Set;Ljava/util/Set;ZLcom/google/javascript/jscomp/parsing/Config$LanguageMode;Z)V,0.0010445089608
com/google/javascript/rhino/Node:extractLineno(I)I,0.00104060351369
com/google/javascript/rhino/jstype/JSType:getTemplateKeys()Lcom/google/common/collect/ImmutableList;,0.00103868136619
com/google/javascript/jscomp/parsing/IRFactory:transformTokenType(I)I,0.00103743554334
com/google/javascript/rhino/jstype/UnionTypeBuilder:getAlternateListCopy()Ljava/util/Collection;,0.00103719527428
com/google/javascript/jscomp/AbstractCompiler:<init>()V,0.00103692224505
com/google/javascript/jscomp/CodeChangeHandler$RecentChange:<init>()V,0.00103690829991
com/google/javascript/jscomp/Compiler:acceptConstKeyword()Z,0.00103602083385
com/google/javascript/rhino/Node:createProp(IILcom/google/javascript/rhino/Node$PropListItem;)Lcom/google/javascript/rhino/Node$PropListItem;,0.00103532288314
com/google/javascript/jscomp/JsAst:getInputId()Lcom/google/javascript/rhino/InputId;,0.00103279517038
com/google/javascript/rhino/jstype/ObjectType:hasCachedValues()Z,0.0010321813359
com/google/javascript/rhino/jstype/JSType:isTemplatized()Z,0.00103215947061
com/google/javascript/rhino/jstype/JSTypeNative:values()[Lcom/google/javascript/rhino/jstype/JSTypeNative;,0.00103200276782
com/google/javascript/jscomp/PrepareAst$PrepareAnnotations:<init>()V,0.0010302979656
com/google/javascript/rhino/jstype/NullType:getDisplayName()Ljava/lang/String;,0.0010286744535
com/google/javascript/rhino/jstype/VoidType:getDisplayName()Ljava/lang/String;,0.0010286744535
com/google/javascript/rhino/jstype/JSType:getTemplatizedTypes()Lcom/google/common/collect/ImmutableList;,0.00102859505278
com/google/javascript/rhino/jstype/NumberType:getDisplayName()Ljava/lang/String;,0.00102859403226
com/google/javascript/rhino/jstype/BooleanType:getDisplayName()Ljava/lang/String;,0.00102843310916
com/google/javascript/rhino/jstype/StringType:getDisplayName()Ljava/lang/String;,0.00102827277433
com/google/javascript/jscomp/SourceFile:setIsExtern(Z)V,0.00102795624466
com/google/javascript/rhino/Node$AbstractPropListItem:<init>(ILcom/google/javascript/rhino/Node$PropListItem;)V,0.00102582904801
com/google/javascript/jscomp/PrepareAst:<init>(Lcom/google/javascript/jscomp/AbstractCompiler;Z)V,0.00102461033992
com/google/javascript/jscomp/DiagnosticGroup:matches(Lcom/google/javascript/jscomp/DiagnosticType;)Z,0.00102447911112
com/google/javascript/jscomp/parsing/IRFactory$TransformDispatcher:processName(Lcom/google/javascript/rhino/head/ast/Name;)Lcom/google/javascript/rhino/Node;,0.00102425893693
com/google/javascript/jscomp/CompilerInput:setCompiler(Lcom/google/javascript/jscomp/AbstractCompiler;)V,0.00102416970635
com/google/javascript/jscomp/SourceFile:setOriginalPath(Ljava/lang/String;)V,0.00102349896543
com/google/javascript/jscomp/SourceFile:<init>(Ljava/lang/String;)V,0.00102341404529
com/google/javascript/jscomp/DiagnosticGroup:getTypes()Ljava/lang/Iterable;,0.00102282581677
com/google/javascript/jscomp/CompilerOptions:shouldColorizeErrorOutput()Z,0.00102220915402
com/google/javascript/rhino/Node$ObjectPropListItem:getObjectValue()Ljava/lang/Object;,0.00102116011282
com/google/javascript/jscomp/SyntacticScopeCreator$DefaultRedeclarationHandler:<init>(Lcom/google/javascript/jscomp/SyntacticScopeCreator;)V,0.00101981580505
com/google/javascript/jscomp/BasicErrorManager:getErrorCount()I,0.00101955000577
com/google/javascript/jscomp/DiagnosticGroups:<init>()V,0.00101760391181
com/google/javascript/jscomp/DependencyOptions:<init>()V,0.00101707623702
com/google/javascript/jscomp/CodingConventions$DefaultCodingConvention:getIndirectlyDeclaredProperties()Ljava/util/Collection;,0.00101679136313
com/google/javascript/jscomp/RhinoErrorReporter:replacePlaceHolders(Ljava/lang/String;)Ljava/util/regex/Pattern;,0.00101660824369
com/google/javascript/jscomp/SourceFile:setCode(Ljava/lang/String;)V,0.00101621139925
com/google/javascript/jscomp/parsing/IRFactory:access$1700(Lcom/google/javascript/jscomp/parsing/IRFactory;)Ljava/util/Set;,0.00101618106169
com/google/javascript/jscomp/SourceFile$Builder:<init>()V,0.00101603753602
com/google/javascript/jscomp/AbstractMessageFormatter:setColorize(Z)V,0.00101594392388
com/google/javascript/jscomp/WarningsGuard:getPriority()I,0.00101491091766
com/google/javascript/jscomp/ComposeWarningsGuard$GuardComparator:<init>(Ljava/util/Map;)V,0.00101407331541
com/google/javascript/jscomp/SuppressDocWarningsGuard:getPriority()I,0.00101352135556
com/google/javascript/jscomp/PassFactory:<init>(Ljava/lang/String;Z)V,0.00101266712138
com/google/javascript/jscomp/CodingConventions$DefaultCodingConvention:<init>()V,0.00101210838238
com/google/javascript/jscomp/parsing/TypeSafeDispatcher:process(Lcom/google/javascript/rhino/head/ast/AstNode;)Ljava/lang/Object;,0.00101194794301
com/google/javascript/rhino/Node$FileLevelJsDocBuilder:<init>(Lcom/google/javascript/rhino/Node;)V,0.00101163402749
com/google/javascript/jscomp/BasicErrorManager$LeveledJSErrorComparator:<init>()V,0.00101151103172
com/google/javascript/jscomp/AbstractMessageFormatter:<init>(Lcom/google/javascript/jscomp/SourceExcerptProvider;)V,0.0010112159648
com/google/javascript/jscomp/parsing/TypeSafeDispatcher:<init>()V,0.0010109206315
com/google/javascript/jscomp/CompilerOptions:setCodingConvention(Lcom/google/javascript/jscomp/CodingConvention;)V,0.0010105478264
com/google/javascript/jscomp/CompilerOptions:setLanguageIn(Lcom/google/javascript/jscomp/CompilerOptions$LanguageMode;)V,0.00101026921088
com/google/javascript/rhino/Node:extractCharno(I)I,0.00100592043473
com/google/javascript/rhino/ScriptRuntime:getMessage(Ljava/lang/String;[Ljava/lang/Object;)Ljava/lang/String;,0.00100246994737
com/google/javascript/rhino/InputId:<init>(Ljava/lang/String;)V,0.000998080318401
com/google/javascript/jscomp/parsing/ParserRunner:initResourceConfig()V,0.000985547800332
com/google/javascript/jscomp/parsing/Config:buildAnnotationNames(Ljava/util/Set;)Ljava/util/Map;,0.000981164135435
com/google/javascript/rhino/jstype/JSType:hashCode()I,0.000961186239514
com/google/javascript/rhino/InputId:hashCode()I,0.000958279797274
com/google/javascript/jscomp/DiagnosticType:equals(Ljava/lang/Object;)Z,0.000950702540787
