com/google/javascript/jscomp/parsing/IRFactory$TransformDispatcher:processIllegalToken(Lcom/google/javascript/rhino/head/ast/AstNode;)Lcom/google/javascript/rhino/Node;,0.107303781988
com/google/javascript/jscomp/Compiler:throwInternalError(Ljava/lang/String;Ljava/lang/Exception;)V,0.0691060584018
com/google/javascript/jscomp/NodeTraversal:throwUnexpectedException(Ljava/lang/Exception;)V,0.0658580790476
com/google/javascript/jscomp/RhinoErrorReporter:error(Ljava/lang/String;Ljava/lang/String;II)V,0.0534973952493
com/google/javascript/jscomp/parsing/IRFactory:access$700(Lcom/google/javascript/jscomp/parsing/IRFactory;)Lcom/google/javascript/rhino/head/ErrorReporter;,0.0520104989723
com/google/javascript/jscomp/parsing/IRFactory:access$600(Lcom/google/javascript/jscomp/parsing/IRFactory;)Ljava/lang/String;,0.0520104989723
com/google/javascript/jscomp/RhinoErrorReporter$NewRhinoErrorReporter:error(Ljava/lang/String;Ljava/lang/String;ILjava/lang/String;I)V,0.0429404323418
com/google/javascript/jscomp/JSError:make(Ljava/lang/String;IILcom/google/javascript/jscomp/CheckLevel;Lcom/google/javascript/jscomp/DiagnosticType;[Ljava/lang/String;)Lcom/google/javascript/jscomp/JSError;,0.0378795065727
com/google/javascript/jscomp/parsing/JsDocInfoParser:extractMultilineTextualBlock(Lcom/google/javascript/jscomp/parsing/JsDocToken;Lcom/google/javascript/jscomp/parsing/JsDocInfoParser$WhitespaceOption;)Lcom/google/javascript/jscomp/parsing/JsDocInfoParser$ExtractionInfo;,0.0302046501559
com/google/javascript/jscomp/LightweightMessageFormatter:formatError(Lcom/google/javascript/jscomp/JSError;)Ljava/lang/String;,0.02913978853
com/google/javascript/jscomp/parsing/JsDocInfoParser:parseModifiesTag(Lcom/google/javascript/jscomp/parsing/JsDocToken;)Lcom/google/javascript/jscomp/parsing/JsDocToken;,0.0272661048558
com/google/javascript/jscomp/LoggerErrorManager:println(Lcom/google/javascript/jscomp/CheckLevel;Lcom/google/javascript/jscomp/JSError;)V,0.0267925240621
com/google/javascript/jscomp/parsing/JsDocInfoParser:extractBlockComment(Lcom/google/javascript/jscomp/parsing/JsDocToken;)Lcom/google/javascript/jscomp/parsing/JsDocInfoParser$ExtractionInfo;,0.0259538626508
com/google/javascript/jscomp/Compiler:compileModules(Ljava/util/List;Ljava/util/List;Lcom/google/javascript/jscomp/CompilerOptions;)Lcom/google/javascript/jscomp/Result;,0.0256916005806
com/google/javascript/jscomp/LightweightMessageFormatter:format(Lcom/google/javascript/jscomp/JSError;Z)Ljava/lang/String;,0.0254747391403
com/google/javascript/jscomp/RhinoErrorReporter:makeError(Ljava/lang/String;Ljava/lang/String;IILcom/google/javascript/jscomp/CheckLevel;)Lcom/google/javascript/jscomp/JSError;,0.0230433812164
com/google/javascript/jscomp/SourceFile:getLine(I)Ljava/lang/String;,0.0228411684441
com/google/javascript/jscomp/SourceExcerptProvider$SourceExcerpt$1:get(Lcom/google/javascript/jscomp/SourceExcerptProvider;Ljava/lang/String;ILcom/google/javascript/jscomp/SourceExcerptProvider$ExcerptFormatter;)Ljava/lang/String;,0.022619147793
com/google/javascript/jscomp/Compiler:getSourceFileByName(Ljava/lang/String;)Lcom/google/javascript/jscomp/SourceFile;,0.0221383309141
com/google/javascript/jscomp/Compiler:getSourceLine(Ljava/lang/String;I)Ljava/lang/String;,0.0218237005265
com/google/javascript/jscomp/CompilerInput:getSourceFile()Lcom/google/javascript/jscomp/SourceFile;,0.0213165027115
com/google/javascript/jscomp/JSError:format(Lcom/google/javascript/jscomp/CheckLevel;Lcom/google/javascript/jscomp/MessageFormatter;)Ljava/lang/String;,0.021286255645
com/google/javascript/jscomp/AbstractMessageFormatter:getLevelName(Lcom/google/javascript/jscomp/CheckLevel;)Ljava/lang/String;,0.0208163886147
com/google/javascript/jscomp/parsing/JsDocTokenStream:getRemainingJSDocLine()Ljava/lang/String;,0.0206287172004
com/google/javascript/jscomp/parsing/JsDocInfoParser:extractMultilineTextualBlock(Lcom/google/javascript/jscomp/parsing/JsDocToken;)Lcom/google/javascript/jscomp/parsing/JsDocInfoParser$ExtractionInfo;,0.0197782231807
com/google/javascript/jscomp/AbstractMessageFormatter:getSource()Lcom/google/javascript/jscomp/SourceExcerptProvider;,0.0193238506543
com/google/javascript/jscomp/LightweightMessageFormatter$LineNumberingFormatter:formatLine(Ljava/lang/String;I)Ljava/lang/String;,0.0190920146182
com/google/javascript/jscomp/AbstractMessageFormatter:maybeColorize(Ljava/lang/String;Lcom/google/javascript/jscomp/AbstractMessageFormatter$Color;)Ljava/lang/String;,0.0189490960528
com/google/javascript/rhino/JSDocInfo$TypePosition:<init>()V,0.0187827546877
com/google/javascript/jscomp/parsing/JsDocTokenStream:peekChar()I,0.0173819959366
com/google/javascript/rhino/JSDocInfo$Marker:setType(Lcom/google/javascript/rhino/JSDocInfo$TypePosition;)V,0.0173427938277
com/google/javascript/rhino/JSDocInfo$TypePosition:setHasBrackets(Z)V,0.0173427938277
com/google/javascript/rhino/JSDocInfo$TrimmedStringPosition:<init>()V,0.0164290598845
com/google/javascript/jscomp/parsing/JsDocInfoParser:parse()Z,0.0163324112007
com/google/javascript/jscomp/Compiler:compile([Lcom/google/javascript/jscomp/JSSourceFile;[Lcom/google/javascript/jscomp/JSModule;Lcom/google/javascript/jscomp/CompilerOptions;)Lcom/google/javascript/jscomp/Result;,0.0162347067753
com/google/javascript/rhino/JSDocInfo$StringPosition:<init>()V,0.0157932568119
com/google/javascript/rhino/JSDocInfo:setOriginalCommentString(Ljava/lang/String;)V,0.0153139549896
com/google/javascript/rhino/JSDocInfo$Marker:setAnnotation(Lcom/google/javascript/rhino/JSDocInfo$TrimmedStringPosition;)V,0.0152274413663
com/google/javascript/rhino/JSDocInfo$TrimmedStringPosition:setItem(Ljava/lang/String;)V,0.0151914103521
com/google/javascript/rhino/JSDocInfo$LazilyInitializedDocumentation:<init>(Lcom/google/javascript/rhino/JSDocInfo$1;)V,0.0151848140861
com/google/javascript/rhino/SourcePosition:setPositionInformation(IIII)V,0.0149653682971
com/google/javascript/rhino/JSDocInfoBuilder:recordModifies(Ljava/util/Set;)Z,0.014945652659
com/google/javascript/rhino/JSDocInfo$Marker:<init>()V,0.0145987901032
com/google/javascript/jscomp/parsing/JsDocInfoParser$ExtractionInfo:access$400(Lcom/google/javascript/jscomp/parsing/JsDocInfoParser$ExtractionInfo;)Ljava/lang/String;,0.0145341706792
com/google/javascript/jscomp/parsing/JsDocInfoParser$ExtractionInfo:access$300(Lcom/google/javascript/jscomp/parsing/JsDocInfoParser$ExtractionInfo;)Lcom/google/javascript/jscomp/parsing/JsDocToken;,0.0145341706792
com/google/javascript/jscomp/parsing/JsDocTokenStream:update()V,0.0142301546982
com/google/javascript/jscomp/LoggerErrorManager:printSummary()V,0.0140814585747
com/google/javascript/rhino/JSDocInfo$LazilyInitializedDocumentation:<init>()V,0.0140255119532
com/google/javascript/rhino/SourcePosition:<init>()V,0.0140005667097
com/google/javascript/jscomp/parsing/JsDocInfoParser$ExtractionInfo:<init>(Ljava/lang/String;Lcom/google/javascript/jscomp/parsing/JsDocToken;)V,0.0136852891944
com/google/javascript/rhino/JSDocInfoBuilder:recordNoSideEffects()Z,0.013420935132
com/google/javascript/rhino/SourcePosition:setItem(Ljava/lang/Object;)V,0.0133065758655
com/google/javascript/jscomp/ComposeWarningsGuard:disables(Lcom/google/javascript/jscomp/DiagnosticGroup;)Z,0.0131848398423
com/google/javascript/jscomp/Compiler:compileInternal()V,0.0127484534123
com/google/javascript/rhino/JSDocInfo:setModifies(Ljava/util/Set;)Z,0.0126808760492
com/google/javascript/jscomp/Compiler:parse()V,0.0125387343984
com/google/javascript/jscomp/SuppressDocWarningsGuard:level(Lcom/google/javascript/jscomp/JSError;)Lcom/google/javascript/jscomp/CheckLevel;,0.01250450349
com/google/javascript/jscomp/BasicErrorManager:generateReport()V,0.0121332429241
com/google/javascript/jscomp/Compiler:report(Lcom/google/javascript/jscomp/JSError;)V,0.0121076944871
com/google/javascript/jscomp/Compiler:compile()Lcom/google/javascript/jscomp/Result;,0.0120376515817
com/google/javascript/jscomp/Compiler:runInCompilerThread(Ljava/util/concurrent/Callable;)Ljava/lang/Object;,0.0118735136604
com/google/javascript/jscomp/parsing/JsDocInfoParser:next()Lcom/google/javascript/jscomp/parsing/JsDocToken;,0.0112473812854
com/google/javascript/jscomp/PrepareAst$PrepareAnnotations:normalizeObjectLiteralKeyAnnotations(Lcom/google/javascript/rhino/Node;Lcom/google/javascript/rhino/Node;Lcom/google/javascript/rhino/Node;)V,0.0111514207884
com/google/javascript/rhino/JSDocInfoBuilder:hasAnySingletonSideEffectTags()Z,0.0108674490187
com/google/javascript/jscomp/BasicErrorManager:getTypedPercent()D,0.0108403016791
com/google/javascript/jscomp/Compiler:access$000(Lcom/google/javascript/jscomp/Compiler;)V,0.0107568366296
com/google/javascript/jscomp/Compiler:runCallable(Ljava/util/concurrent/Callable;ZZ)Ljava/lang/Object;,0.0106450176061
com/google/javascript/rhino/JSDocInfo:isNoSideEffects()Z,0.0104144436988
com/google/javascript/jscomp/Compiler:parseInputs()Lcom/google/javascript/rhino/Node;,0.0100030846196
com/google/javascript/jscomp/Compiler:setProgress(D)V,0.00998064074005
com/google/javascript/jscomp/Compiler$1:<init>(Lcom/google/javascript/jscomp/Compiler;)V,0.00992376694807
com/google/javascript/jscomp/Tracer$ThreadTrace:<init>()V,0.00987025357287
com/google/javascript/jscomp/Compiler$1:call()Lcom/google/javascript/jscomp/Result;,0.00982051743559
com/google/javascript/jscomp/Compiler$2:<init>(Z[Ljava/lang/Object;Ljava/util/concurrent/Callable;[Ljava/lang/Throwable;)V,0.00977537799101
com/google/javascript/rhino/JSDocInfo:setNoSideEffects(Z)V,0.00932507933266
com/google/javascript/jscomp/Compiler$2:run()V,0.00893554887951
com/google/javascript/jscomp/parsing/IRFactory$TransformDispatcher:processObjectLiteral(Lcom/google/javascript/rhino/head/ast/ObjectLiteral;)Lcom/google/javascript/rhino/Node;,0.00892471966575
com/google/javascript/jscomp/ComposeWarningsGuard:level(Lcom/google/javascript/jscomp/JSError;)Lcom/google/javascript/jscomp/CheckLevel;,0.00882405631202
com/google/javascript/jscomp/parsing/JsDocInfoParser:parseTypeName(Lcom/google/javascript/jscomp/parsing/JsDocToken;)Lcom/google/javascript/rhino/Node;,0.00872593814991
com/google/javascript/rhino/JSDocInfo:hasModifies()Z,0.00835009221231
com/google/javascript/jscomp/parsing/JsDocInfoParser:match(Lcom/google/javascript/jscomp/parsing/JsDocToken;)Z,0.00824492922904
com/google/javascript/jscomp/parsing/JsDocInfoParser:skipEOLs()V,0.00770180498937
com/google/javascript/jscomp/parsing/JsDocInfoParser:parseTypeExpressionAnnotation(Lcom/google/javascript/jscomp/parsing/JsDocToken;)Lcom/google/javascript/rhino/Node;,0.00751517944203
com/google/javascript/jscomp/CompilerOptions:disables(Lcom/google/javascript/jscomp/DiagnosticGroup;)Z,0.00722275632926
com/google/javascript/jscomp/DiagnosticGroup:forType(Lcom/google/javascript/jscomp/DiagnosticType;)Lcom/google/javascript/jscomp/DiagnosticGroup;,0.00722263623618
com/google/javascript/rhino/JSDocInfoBuilder:hasAnyTypeRelatedTags()Z,0.00708742827763
com/google/javascript/jscomp/DiagnosticGroupWarningsGuard:level(Lcom/google/javascript/jscomp/JSError;)Lcom/google/javascript/jscomp/CheckLevel;,0.0070483019224
com/google/javascript/jscomp/parsing/IRFactory$TransformDispatcher:processReturnStatement(Lcom/google/javascript/rhino/head/ast/ReturnStatement;)Lcom/google/javascript/rhino/Node;,0.00701027919866
com/google/javascript/jscomp/PrepareAst$PrepareAnnotations:normalizeObjectLiteralAnnotations(Lcom/google/javascript/rhino/Node;)V,0.00696149395978
com/google/javascript/jscomp/parsing/JsDocInfoParser:parseTopLevelTypeExpression(Lcom/google/javascript/jscomp/parsing/JsDocToken;)Lcom/google/javascript/rhino/Node;,0.00689843615153
com/google/javascript/jscomp/Compiler:initOptions(Lcom/google/javascript/jscomp/CompilerOptions;)V,0.0068816536331
com/google/javascript/jscomp/parsing/JsDocInfoParser:parseBasicTypeExpression(Lcom/google/javascript/jscomp/parsing/JsDocToken;)Lcom/google/javascript/rhino/Node;,0.0067430878015
com/google/javascript/jscomp/parsing/JsDocTokenStream:getLineno()I,0.00673618175295
com/google/javascript/jscomp/parsing/JsDocTokenStream:getCharno()I,0.00673618175295
com/google/javascript/jscomp/parsing/JsDocInfoParser:parseTypeExpression(Lcom/google/javascript/jscomp/parsing/JsDocToken;)Lcom/google/javascript/rhino/Node;,0.00669092364908
com/google/javascript/jscomp/parsing/JsDocInfoParser:parseAndRecordTypeNode(Lcom/google/javascript/jscomp/parsing/JsDocToken;IIZZ)Lcom/google/javascript/rhino/Node;,0.00656780478072
com/google/javascript/jscomp/NodeTraversal:traverseBranch(Lcom/google/javascript/rhino/Node;Lcom/google/javascript/rhino/Node;)V,0.00655175724983
com/google/javascript/rhino/JSDocInfoBuilder:recordReturnType(Lcom/google/javascript/rhino/JSTypeExpression;)Z,0.00644952636718
com/google/javascript/jscomp/parsing/IRFactory:createJsDocInfoParser(Lcom/google/javascript/rhino/head/ast/Comment;Lcom/google/javascript/rhino/Node;)Lcom/google/javascript/jscomp/parsing/JsDocInfoParser;,0.00632353042241
com/google/javascript/rhino/Node:addChildToFront(Lcom/google/javascript/rhino/Node;)V,0.00629806364162
com/google/javascript/rhino/JSDocInfoBuilder:recordConstructor()Z,0.00627244223814
com/google/javascript/rhino/Node:getType()I,0.00620896314922
com/google/javascript/jscomp/parsing/JsDocTokenStream:getJsDocToken()Lcom/google/javascript/jscomp/parsing/JsDocToken;,0.00614973236275
com/google/javascript/jscomp/DiagnosticGroup:isSubGroup(Lcom/google/javascript/jscomp/DiagnosticGroup;)Z,0.0060293523892
com/google/javascript/jscomp/parsing/IRFactory:access$300(Lcom/google/javascript/jscomp/parsing/IRFactory;Lcom/google/javascript/rhino/head/ast/AstNode;)Lcom/google/javascript/rhino/Node;,0.00601783120224
com/google/javascript/jscomp/parsing/IRFactory$TransformDispatcher:processFunctionNode(Lcom/google/javascript/rhino/head/ast/FunctionNode;)Lcom/google/javascript/rhino/Node;,0.00601756912918
com/google/javascript/jscomp/NodeTraversal:traverseFunction(Lcom/google/javascript/rhino/Node;Lcom/google/javascript/rhino/Node;)V,0.00597835237146
com/google/javascript/rhino/JSDocInfoBuilder:recordType(Lcom/google/javascript/rhino/JSTypeExpression;)Z,0.00597451120947
com/google/javascript/jscomp/BasicErrorManager:report(Lcom/google/javascript/jscomp/CheckLevel;Lcom/google/javascript/jscomp/JSError;)V,0.00580879558628
com/google/javascript/jscomp/ComposeWarningsGuard:enables(Lcom/google/javascript/jscomp/DiagnosticGroup;)Z,0.00580664881142
com/google/javascript/jscomp/parsing/JsDocTokenStream:getString()Ljava/lang/String;,0.00577032445399
com/google/javascript/jscomp/parsing/JsDocInfoParser:lookAheadForTypeAnnotation()Z,0.00576643655242
com/google/javascript/jscomp/parsing/JsDocInfoParser:eatTokensUntilEOL()Lcom/google/javascript/jscomp/parsing/JsDocToken;,0.00567107414441
com/google/javascript/jscomp/parsing/IRFactory$TransformDispatcher:processPropertyGet(Lcom/google/javascript/rhino/head/ast/PropertyGet;)Lcom/google/javascript/rhino/Node;,0.00561909388499
com/google/javascript/rhino/Node:addChildToBack(Lcom/google/javascript/rhino/Node;)V,0.00557040022043
com/google/javascript/jscomp/parsing/JsDocInfoParser:parseAndRecordTypeNode(Lcom/google/javascript/jscomp/parsing/JsDocToken;Z)Lcom/google/javascript/rhino/Node;,0.00555357435842
com/google/javascript/jscomp/parsing/JsDocInfoParser:eatTokensUntilEOL(Lcom/google/javascript/jscomp/parsing/JsDocToken;)Lcom/google/javascript/jscomp/parsing/JsDocToken;,0.00554925277475
com/google/javascript/jscomp/JsAst:parse(Lcom/google/javascript/jscomp/AbstractCompiler;)V,0.00552867850652
com/google/javascript/rhino/JSDocInfoBuilder:markAnnotation(Ljava/lang/String;II)V,0.00552205735107
com/google/javascript/jscomp/parsing/IRFactory$TransformDispatcher:processInfixExpression(Lcom/google/javascript/rhino/head/ast/InfixExpression;)Lcom/google/javascript/rhino/Node;,0.0053650865523
com/google/javascript/jscomp/NodeUtil:getFunctionJSDocInfo(Lcom/google/javascript/rhino/Node;)Lcom/google/javascript/rhino/JSDocInfo;,0.00535967130193
com/google/javascript/jscomp/DiagnosticGroup:matches(Lcom/google/javascript/jscomp/JSError;)Z,0.00535547262197
com/google/javascript/rhino/JSDocInfoBuilder:build(Lcom/google/javascript/rhino/Node;)Lcom/google/javascript/rhino/JSDocInfo;,0.00534068495692
com/google/javascript/rhino/Node:isFunction()Z,0.00532331436765
com/google/javascript/jscomp/parsing/JsDocInfoParser:parseAndRecordTypeNode(Lcom/google/javascript/jscomp/parsing/JsDocToken;)Lcom/google/javascript/rhino/Node;,0.00532070821626
com/google/javascript/jscomp/JSError:getCharno()I,0.00531605324178
com/google/javascript/jscomp/Compiler:initModules(Ljava/util/List;Ljava/util/List;Lcom/google/javascript/jscomp/CompilerOptions;)V,0.00530767614548
com/google/javascript/jscomp/parsing/JsDocInfoParser:createJSTypeExpression(Lcom/google/javascript/rhino/Node;)Lcom/google/javascript/rhino/JSTypeExpression;,0.00528821193853
com/google/javascript/rhino/JSDocInfoBuilder:hasAnySingletonTypeTags()Z,0.0052798466787
com/google/javascript/rhino/JSDocInfoBuilder:markTypeNode(Lcom/google/javascript/rhino/Node;IIIIZ)V,0.00525096340838
com/google/javascript/rhino/IR:script([Lcom/google/javascript/rhino/Node;)Lcom/google/javascript/rhino/Node;,0.00505629491974
com/google/javascript/rhino/JSDocInfo:getFlag(I)Z,0.00504205347433
com/google/javascript/jscomp/parsing/IRFactory$TransformDispatcher:transformAsString(Lcom/google/javascript/rhino/head/ast/AstNode;)Lcom/google/javascript/rhino/Node;,0.0050355822077
com/google/javascript/jscomp/parsing/JsDocInfoParser:current()Lcom/google/javascript/jscomp/parsing/JsDocToken;,0.00501648862146
com/google/javascript/jscomp/DiagnosticGroupWarningsGuard:disables(Lcom/google/javascript/jscomp/DiagnosticGroup;)Z,0.00501179763501
com/google/javascript/rhino/Node:setJSDocInfo(Lcom/google/javascript/rhino/JSDocInfo;)V,0.00499287806117
com/google/javascript/jscomp/parsing/JsDocInfoParser:newStringNode(Ljava/lang/String;II)Lcom/google/javascript/rhino/Node;,0.00493619222455
com/google/javascript/jscomp/parsing/JsDocInfoParser:retrieveAndResetParsedJSDocInfo()Lcom/google/javascript/rhino/JSDocInfo;,0.00492864136395
com/google/javascript/jscomp/parsing/IRFactory:access$200(Lcom/google/javascript/jscomp/parsing/IRFactory;I)Lcom/google/javascript/rhino/Node;,0.00491057276148
com/google/javascript/jscomp/BasicErrorManager$ErrorWithLevel:<init>(Lcom/google/javascript/jscomp/JSError;Lcom/google/javascript/jscomp/CheckLevel;)V,0.00487351582794
com/google/javascript/jscomp/Compiler:newTracer(Ljava/lang/String;)Lcom/google/javascript/jscomp/Tracer;,0.00486202325285
com/google/javascript/rhino/IR:block([Lcom/google/javascript/rhino/Node;)Lcom/google/javascript/rhino/Node;,0.00486095623983
com/google/javascript/jscomp/BasicErrorManager$LeveledJSErrorComparator:compare(Lcom/google/javascript/jscomp/BasicErrorManager$ErrorWithLevel;Lcom/google/javascript/jscomp/BasicErrorManager$ErrorWithLevel;)I,0.00483366441077
com/google/javascript/jscomp/parsing/JsDocInfoParser:<init>(Lcom/google/javascript/jscomp/parsing/JsDocTokenStream;Lcom/google/javascript/rhino/head/ast/Comment;Lcom/google/javascript/rhino/Node;Lcom/google/javascript/jscomp/parsing/Config;Lcom/google/javascript/rhino/head/ErrorReporter;)V,0.00480053021888
com/google/javascript/rhino/Node:getJSDocInfo()Lcom/google/javascript/rhino/JSDocInfo;,0.00479136749461
com/google/javascript/jscomp/parsing/IRFactory$TransformDispatcher:processAssignment(Lcom/google/javascript/rhino/head/ast/Assignment;)Lcom/google/javascript/rhino/Node;,0.00474313466455
com/google/javascript/jscomp/parsing/JsDocTokenStream:getChar()I,0.0047355121171
com/google/javascript/jscomp/parsing/IRFactory$TransformDispatcher:processVariableDeclaration(Lcom/google/javascript/rhino/head/ast/VariableDeclaration;)Lcom/google/javascript/rhino/Node;,0.00467042658486
com/google/javascript/rhino/Node:putBooleanProp(IZ)V,0.00466553818627
com/google/javascript/jscomp/Compiler:stopTracer(Lcom/google/javascript/jscomp/Tracer;Ljava/lang/String;)V,0.00457366891019
com/google/javascript/jscomp/CompilerOptions$TracerMode:isOn()Z,0.00456836099375
com/google/javascript/jscomp/Compiler:hasErrors()Z,0.0045629513579
com/google/javascript/jscomp/PrepareAst$PrepareAnnotations:annotateDispatchers(Lcom/google/javascript/rhino/Node;Lcom/google/javascript/rhino/Node;)V,0.0045336195415
com/google/javascript/rhino/JSDocInfo:isJavaDispatch()Z,0.00448386701703
com/google/javascript/jscomp/parsing/JsDocInfoParser:hasParsedFileOverviewDocInfo()Z,0.00447825137968
com/google/javascript/jscomp/WarningsGuard:disables(Lcom/google/javascript/jscomp/DiagnosticGroup;)Z,0.00445546456157
com/google/javascript/jscomp/WarningsGuard:enables(Lcom/google/javascript/jscomp/DiagnosticGroup;)Z,0.00445546456157
com/google/javascript/rhino/JSDocInfo:setReturnType(Lcom/google/javascript/rhino/JSTypeExpression;)V,0.00444943975176
com/google/javascript/jscomp/JSError:getType()Lcom/google/javascript/jscomp/DiagnosticType;,0.00444718033177
com/google/javascript/jscomp/parsing/JsDocTokenStream:ungetChar(I)V,0.00444236228808
com/google/javascript/rhino/JSDocInfo:isInterface()Z,0.00444126441861
com/google/javascript/rhino/JSDocInfo:isNoCompile()Z,0.00444047188491
com/google/javascript/rhino/JSDocInfo:isExterns()Z,0.00443857757934
com/google/javascript/rhino/JSDocInfo:isConstructor()Z,0.00443851628431
com/google/javascript/rhino/JSDocInfoBuilder:isPopulatedWithFileOverview()Z,0.0044142481375
com/google/javascript/rhino/JSDocInfo:getReturnType()Lcom/google/javascript/rhino/JSTypeExpression;,0.00440878307934
com/google/javascript/rhino/Node:getFirstChild()Lcom/google/javascript/rhino/Node;,0.00436267869726
com/google/javascript/jscomp/JSError:<init>(Ljava/lang/String;Lcom/google/javascript/rhino/Node;IILcom/google/javascript/jscomp/DiagnosticType;Lcom/google/javascript/jscomp/CheckLevel;[Ljava/lang/String;)V,0.00434896035839
com/google/javascript/jscomp/parsing/JsDocInfoParser:createTemplateNode()Lcom/google/javascript/rhino/Node;,0.00430301301651
com/google/javascript/rhino/JSDocInfo:setType(Lcom/google/javascript/rhino/JSTypeExpression;)V,0.00427713085693
com/google/javascript/jscomp/parsing/IRFactory$TransformDispatcher:processGeneric(Lcom/google/javascript/rhino/head/Node;)Lcom/google/javascript/rhino/Node;,0.00425683890159
com/google/javascript/jscomp/PrepareAst$PrepareAnnotations:annotateFunctions(Lcom/google/javascript/rhino/Node;Lcom/google/javascript/rhino/Node;)V,0.00425678841773
com/google/javascript/jscomp/CompilerInput:getAstRoot(Lcom/google/javascript/jscomp/AbstractCompiler;)Lcom/google/javascript/rhino/Node;,0.00423670342066
com/google/javascript/jscomp/parsing/IRFactory:transformNameAsString(Lcom/google/javascript/rhino/head/ast/Name;)Lcom/google/javascript/rhino/Node;,0.00423014671351
com/google/javascript/rhino/Node:setLength(I)V,0.00421825715134
com/google/javascript/rhino/JSDocInfo:hasType(I)Z,0.00416959022765
com/google/javascript/rhino/IR:mayBeStatement(Lcom/google/javascript/rhino/Node;)Z,0.0041634257212
com/google/javascript/rhino/Node:setCharno(I)V,0.00413203539555
com/google/javascript/rhino/JSDocInfoBuilder:shouldParseDocumentation()Z,0.00412931300799
com/google/javascript/jscomp/parsing/JsDocInfoParser:checkExtendedTypes(Ljava/util/List;)V,0.00412915966425
com/google/javascript/jscomp/parsing/IRFactory:setSourceInfo(Lcom/google/javascript/rhino/Node;Lcom/google/javascript/rhino/head/ast/AstNode;)V,0.00412614767748
com/google/javascript/jscomp/Compiler:fillEmptyModules(Ljava/util/List;)V,0.00409145997626
com/google/javascript/rhino/Node:setLineno(I)V,0.00408087058853
com/google/javascript/rhino/JSDocInfo:hasReturnType()Z,0.00407904108422
com/google/javascript/jscomp/parsing/JsDocInfoParser:getSourceName()Ljava/lang/String;,0.00406668153882
com/google/javascript/rhino/JSDocInfo:setConstructor(Z)V,0.00406461853739
com/google/javascript/jscomp/SourceFile:getName()Ljava/lang/String;,0.00405750495173
com/google/javascript/jscomp/parsing/JsDocTokenStream:isJSDocString(I)Z,0.00403116272828
com/google/javascript/rhino/JSDocInfo:lazyInitInfo()V,0.00401912645343
com/google/javascript/rhino/JSDocInfo:hasBaseType()Z,0.00401212428067
com/google/javascript/rhino/JSDocInfo:setType(Lcom/google/javascript/rhino/JSTypeExpression;I)V,0.00400826651628
com/google/javascript/rhino/JSDocInfo$LazilyInitializedInfo:<init>(Lcom/google/javascript/rhino/JSDocInfo$1;)V,0.00399131288681
com/google/javascript/rhino/JSDocInfo:getLendsName()Ljava/lang/String;,0.00398878312902
com/google/javascript/rhino/JSDocInfo:getExtendedInterfacesCount()I,0.00398755229219
com/google/javascript/jscomp/NodeUtil:isFunctionExpression(Lcom/google/javascript/rhino/Node;)Z,0.00396384697689
com/google/javascript/jscomp/parsing/IRFactory:transform(Lcom/google/javascript/rhino/head/ast/AstNode;)Lcom/google/javascript/rhino/Node;,0.00395572022894
com/google/javascript/jscomp/Tracer:<init>(Ljava/lang/String;Ljava/lang/String;)V,0.00393069313492
com/google/javascript/rhino/InputId:equals(Ljava/lang/Object;)Z,0.00392874219875
com/google/javascript/jscomp/parsing/IRFactory$TransformDispatcher:processExpressionStatement(Lcom/google/javascript/rhino/head/ast/ExpressionStatement;)Lcom/google/javascript/rhino/Node;,0.00392657339131
com/google/javascript/rhino/Node:newString(Ljava/lang/String;II)Lcom/google/javascript/rhino/Node;,0.0039225411177
com/google/javascript/rhino/IR:block()Lcom/google/javascript/rhino/Node;,0.00388939917065
com/google/javascript/jscomp/NodeTraversal:traverse(Lcom/google/javascript/rhino/Node;)V,0.00388744643628
com/google/javascript/rhino/Node$StringNode:<init>(ILjava/lang/String;II)V,0.00384294979783
com/google/javascript/rhino/Node:<init>(III)V,0.0038362460944
com/google/javascript/rhino/Node:putProp(ILjava/lang/Object;)V,0.00382899172182
com/google/javascript/jscomp/parsing/JsDocTokenStream:matchChar(I)Z,0.00382807815461
com/google/javascript/rhino/JSDocInfo:getParameterCount()I,0.00382321933633
com/google/javascript/jscomp/Tracer:stop(I)J,0.0038156400233
com/google/javascript/jscomp/PrepareAst$PrepareAnnotations:visit(Lcom/google/javascript/jscomp/NodeTraversal;Lcom/google/javascript/rhino/Node;Lcom/google/javascript/rhino/Node;)V,0.00381448166241
com/google/javascript/rhino/JSDocInfo:addMarker()Lcom/google/javascript/rhino/JSDocInfo$Marker;,0.00381179131533
com/google/javascript/jscomp/Compiler:<init>(Ljava/io/PrintStream;)V,0.00380288320756
com/google/javascript/jscomp/DiagnosticGroupWarningsGuard:enables(Lcom/google/javascript/jscomp/DiagnosticGroup;)Z,0.00380147688532
com/google/javascript/jscomp/parsing/JsDocTokenStream:ungetCharIgnoreLineEnd(I)V,0.00379683153148
com/google/javascript/rhino/Node:getParent()Lcom/google/javascript/rhino/Node;,0.0037909511787
com/google/javascript/jscomp/parsing/JsDocTokenStream:getOffset()I,0.00375866916952
com/google/javascript/rhino/JSDocInfoBuilder:populateDefaults(Lcom/google/javascript/rhino/JSDocInfo;)V,0.0037496490147
com/google/javascript/jscomp/parsing/JsDocTokenStream:getStringFromBuffer()Ljava/lang/String;,0.00374528948975
com/google/javascript/jscomp/parsing/JsDocTokenStream:addToString(I)V,0.00374528948975
com/google/javascript/rhino/JSDocInfo:hasTypedefType()Z,0.00374136428684
com/google/javascript/rhino/JSDocInfo:hasEnumParameterType()Z,0.00374013674619
com/google/javascript/jscomp/CheckLevel:isOn()Z,0.00373379410467
com/google/javascript/rhino/JSDocInfo:hasType()Z,0.00373135492238
com/google/javascript/jscomp/Compiler:initInputsByIdMap()V,0.00372845909491
com/google/javascript/jscomp/parsing/IRFactory$TransformDispatcher:processAstRoot(Lcom/google/javascript/rhino/head/ast/AstRoot;)Lcom/google/javascript/rhino/Node;,0.00372813540257
com/google/javascript/rhino/JSDocInfo:getType(I)Lcom/google/javascript/rhino/JSTypeExpression;,0.00372630634372
com/google/javascript/rhino/Node:<init>(I)V,0.00372584067265
com/google/javascript/rhino/JSDocInfo:hasThisType()Z,0.00371832339245
com/google/javascript/rhino/JSDocInfo$LazilyInitializedInfo:<init>()V,0.0036975509646
com/google/javascript/jscomp/CompilerInput:getName()Ljava/lang/String;,0.00368993940133
com/google/javascript/rhino/JSDocInfo:lazyInitDocumentation()Z,0.00366702350202
com/google/javascript/jscomp/parsing/IRFactory:<init>(Ljava/lang/String;Lcom/google/javascript/rhino/jstype/StaticSourceFile;Lcom/google/javascript/jscomp/parsing/Config;Lcom/google/javascript/rhino/head/ErrorReporter;)V,0.00366065166504
com/google/javascript/jscomp/parsing/IRFactory:handlePossibleFileOverviewJsDoc(Lcom/google/javascript/jscomp/parsing/JsDocInfoParser;)Z,0.00364928752335
com/google/javascript/jscomp/parsing/IRFactory:access$1300(Lcom/google/javascript/jscomp/parsing/IRFactory;Lcom/google/javascript/rhino/Node;Lcom/google/javascript/rhino/head/ast/AstNode;)V,0.00364407465226
com/google/javascript/jscomp/parsing/IRFactory$TransformDispatcher:processVariableInitializer(Lcom/google/javascript/rhino/head/ast/VariableInitializer;)Lcom/google/javascript/rhino/Node;,0.00363382150898
com/google/javascript/rhino/JSTypeExpression:<init>(Lcom/google/javascript/rhino/Node;Ljava/lang/String;)V,0.00363376238653
com/google/javascript/rhino/JSDocInfo:setFlag(ZI)V,0.00363115446165
com/google/javascript/jscomp/JSSourceFile:getCode()Ljava/lang/String;,0.00362917765463
com/google/javascript/rhino/JSDocInfo:hasFileOverview()Z,0.00360948296159
com/google/javascript/rhino/JSDocInfo:setAssociatedNode(Lcom/google/javascript/rhino/Node;)V,0.00359872586065
com/google/javascript/rhino/Node:getNext()Lcom/google/javascript/rhino/Node;,0.00359633626343
com/google/javascript/rhino/Node:getLineno()I,0.00359555823361
com/google/javascript/jscomp/parsing/JsDocTokenStream:isJSSpace(I)Z,0.00359209600726
com/google/javascript/rhino/Node:getProp(I)Ljava/lang/Object;,0.00358946454957
com/google/javascript/jscomp/Tracer:getThreadTrace()Lcom/google/javascript/jscomp/Tracer$ThreadTrace;,0.00358670490194
com/google/javascript/rhino/Node:isString()Z,0.00358236499439
com/google/javascript/jscomp/DiagnosticType:hashCode()I,0.00357962668075
com/google/javascript/jscomp/parsing/IRFactory:handleJsDoc(Lcom/google/javascript/rhino/head/ast/AstNode;Lcom/google/javascript/rhino/Node;)Lcom/google/javascript/rhino/JSDocInfo;,0.00356852114673
com/google/javascript/jscomp/parsing/IRFactory$TransformDispatcher:processName(Lcom/google/javascript/rhino/head/ast/Name;Z)Lcom/google/javascript/rhino/Node;,0.00356086831356
com/google/javascript/rhino/Node:isAssign()Z,0.00355387044613
com/google/javascript/rhino/Node:getInputId()Lcom/google/javascript/rhino/InputId;,0.0035505779774
com/google/javascript/jscomp/ComposeWarningsGuard:<init>(Ljava/util/List;)V,0.00354867107885
com/google/javascript/jscomp/parsing/IRFactory$TransformDispatcher:validAssignmentTarget(Lcom/google/javascript/rhino/Node;)Z,0.00354045546884
com/google/javascript/jscomp/DependencyOptions:needsManagement()Z,0.00353523070603
com/google/javascript/jscomp/parsing/IRFactory$TransformDispatcher:isDirective(Lcom/google/javascript/rhino/Node;)Z,0.00351912947158
com/google/javascript/rhino/JSDocInfo:getBaseType()Lcom/google/javascript/rhino/JSTypeExpression;,0.00351811744216
com/google/javascript/jscomp/NodeTraversal:traverse(Lcom/google/javascript/jscomp/AbstractCompiler;Lcom/google/javascript/rhino/Node;Lcom/google/javascript/jscomp/NodeTraversal$Callback;)V,0.00351654604783
com/google/javascript/rhino/Node:isObjectLit()Z,0.00350122555139
com/google/javascript/rhino/JSDocInfo:<init>(Z)V,0.00349906165489
com/google/javascript/jscomp/parsing/JsDocInfoParser:setFileOverviewJSDocInfo(Lcom/google/javascript/rhino/JSDocInfo;)V,0.00349440985566
com/google/javascript/jscomp/parsing/JsDocInfoParser:setFileLevelJsDocBuilder(Lcom/google/javascript/rhino/Node$FileLevelJsDocBuilder;)V,0.00349276606406
com/google/javascript/jscomp/parsing/IRFactory$TransformDispatcher:parseDirectives(Lcom/google/javascript/rhino/Node;)V,0.00348477029391
com/google/javascript/rhino/JSDocInfoBuilder:recordOriginalCommentString(Ljava/lang/String;)V,0.00348090604481
com/google/javascript/rhino/JSDocInfoBuilder:<init>(Z)V,0.0034649762276
com/google/javascript/jscomp/Compiler:checkFirstModule(Ljava/util/List;)V,0.00346110462165
com/google/javascript/jscomp/parsing/JsDocInfoParser$ErrorReporterParser:<init>(Lcom/google/javascript/jscomp/parsing/JsDocInfoParser;Lcom/google/javascript/jscomp/parsing/JsDocInfoParser$1;)V,0.00345434240808
com/google/javascript/jscomp/Compiler:getParserConfig()Lcom/google/javascript/jscomp/parsing/Config;,0.00344114245907
com/google/javascript/jscomp/parsing/JsDocTokenStream:getCharIgnoreLineEnd()I,0.00342364934971
com/google/javascript/jscomp/parsing/ParserRunner:parse(Lcom/google/javascript/rhino/jstype/StaticSourceFile;Ljava/lang/String;Lcom/google/javascript/jscomp/parsing/Config;Lcom/google/javascript/rhino/head/ErrorReporter;Ljava/util/logging/Logger;)Lcom/google/javascript/rhino/Node;,0.00341132187613
com/google/javascript/jscomp/DiagnosticGroupWarningsGuard:<init>(Lcom/google/javascript/jscomp/DiagnosticGroup;Lcom/google/javascript/jscomp/CheckLevel;)V,0.00340671890066
com/google/javascript/rhino/Node:setIsSyntheticBlock(Z)V,0.00340575174025
com/google/javascript/rhino/Node:removeProp(Lcom/google/javascript/rhino/Node$PropListItem;I)Lcom/google/javascript/rhino/Node$PropListItem;,0.00340230609425
com/google/javascript/jscomp/Tracer:stop()J,0.00339819002769
com/google/javascript/jscomp/parsing/IRFactory:access$1200(Lcom/google/javascript/jscomp/parsing/IRFactory;ILcom/google/javascript/rhino/Node;Lcom/google/javascript/rhino/Node;)Lcom/google/javascript/rhino/Node;,0.00338013687493
com/google/javascript/jscomp/ComposeWarningsGuard:addGuard(Lcom/google/javascript/jscomp/WarningsGuard;)V,0.0033484892815
com/google/javascript/jscomp/Tracer$ThreadTrace:isInitialized()Z,0.0033481182893
com/google/javascript/jscomp/Tracer$1:currentTimeMillis()J,0.0033481182893
com/google/javascript/jscomp/parsing/IRFactory:access$1400(Lcom/google/javascript/jscomp/parsing/IRFactory;I)I,0.00332195709126
com/google/javascript/jscomp/parsing/JsDocTokenStream:isAlpha(I)Z,0.00332027996156
com/google/javascript/jscomp/parsing/IRFactory:access$100(I)I,0.00331765919051
com/google/javascript/jscomp/parsing/IRFactory:access$400(Lcom/google/javascript/jscomp/parsing/IRFactory;Lcom/google/javascript/rhino/head/ast/Name;)Lcom/google/javascript/rhino/Node;,0.00329501963523
com/google/javascript/jscomp/parsing/IRFactory:access$1800(Lcom/google/javascript/jscomp/parsing/IRFactory;)Lcom/google/javascript/jscomp/parsing/Config;,0.0032936369835
com/google/javascript/jscomp/parsing/JsDocTokenStream:<init>(Ljava/lang/String;II)V,0.00329314659257
com/google/javascript/jscomp/NodeUtil:getInputId(Lcom/google/javascript/rhino/Node;)Lcom/google/javascript/rhino/InputId;,0.00328576276288
com/google/javascript/jscomp/parsing/JsDocInfoParser:getFileOverviewJSDocInfo()Lcom/google/javascript/rhino/JSDocInfo;,0.00327826517199
com/google/javascript/rhino/Node:setStaticSourceFile(Lcom/google/javascript/rhino/jstype/StaticSourceFile;)V,0.00326348753757
com/google/javascript/jscomp/parsing/IRFactory:setFileOverviewJsDoc(Lcom/google/javascript/rhino/Node;)V,0.00326068671353
com/google/javascript/jscomp/parsing/IRFactory:transformTree(Lcom/google/javascript/rhino/head/ast/AstRoot;Lcom/google/javascript/rhino/jstype/StaticSourceFile;Ljava/lang/String;Lcom/google/javascript/jscomp/parsing/Config;Lcom/google/javascript/rhino/head/ErrorReporter;)Lcom/google/javascript/rhino/Node;,0.00325400153988
com/google/javascript/rhino/Node:getSourceFileName()Ljava/lang/String;,0.00324848986879
com/google/javascript/jscomp/Compiler:getAllInputsFromModules(Ljava/util/List;)Ljava/util/List;,0.00324045845052
com/google/javascript/rhino/Node:isScript()Z,0.00324007927311
com/google/javascript/jscomp/PrepareAst$PrepareAnnotations:shouldTraverse(Lcom/google/javascript/jscomp/NodeTraversal;Lcom/google/javascript/rhino/Node;Lcom/google/javascript/rhino/Node;)Z,0.00323488712945
com/google/javascript/jscomp/NodeUtil:isStatement(Lcom/google/javascript/rhino/Node;)Z,0.00321513708407
com/google/javascript/rhino/Node:isBlock()Z,0.00318349453717
com/google/javascript/rhino/JSDocInfoBuilder:isPopulated()Z,0.00318178884633
com/google/javascript/jscomp/SuppressDocWarningsGuard:<init>(Ljava/util/Map;)V,0.00317656719861
com/google/javascript/jscomp/CompilerOptions:setWarningLevel(Lcom/google/javascript/jscomp/DiagnosticGroup;Lcom/google/javascript/jscomp/CheckLevel;)V,0.003160895073
com/google/javascript/rhino/Node:getStaticSourceFile()Lcom/google/javascript/rhino/jstype/StaticSourceFile;,0.00314796445593
com/google/javascript/jscomp/NodeUtil:isStatementParent(Lcom/google/javascript/rhino/Node;)Z,0.00314129810303
com/google/javascript/jscomp/CompilerOptions:enables(Lcom/google/javascript/jscomp/DiagnosticGroup;)Z,0.00313533146442
com/google/javascript/jscomp/JsAst:getAstRoot(Lcom/google/javascript/jscomp/AbstractCompiler;)Lcom/google/javascript/rhino/Node;,0.00313214820513
com/google/javascript/jscomp/JSModule:getInputs()Ljava/util/List;,0.00313176181344
com/google/javascript/rhino/JSDocInfo:setVisibility(Lcom/google/javascript/rhino/JSDocInfo$Visibility;)V,0.00312701460187
com/google/javascript/rhino/JSDocInfo:getVisibility()Lcom/google/javascript/rhino/JSDocInfo$Visibility;,0.00312475940187
com/google/javascript/jscomp/CodeChangeHandler$RecentChange:hasCodeChanged()Z,0.00311983903338
com/google/javascript/rhino/Node:isName()Z,0.00310578946835
com/google/javascript/jscomp/parsing/JsDocInfoParser$ErrorReporterParser:<init>(Lcom/google/javascript/jscomp/parsing/JsDocInfoParser;)V,0.00310293367186
com/google/javascript/jscomp/SourceFile:getCode()Ljava/lang/String;,0.00309858262445
com/google/javascript/jscomp/Compiler:createMessageFormatter()Lcom/google/javascript/jscomp/MessageFormatter;,0.00308185210248
com/google/javascript/jscomp/Compiler:hasHaltingErrors()Z,0.00307585012411
com/google/javascript/jscomp/parsing/IRFactory:newNode(ILcom/google/javascript/rhino/Node;Lcom/google/javascript/rhino/Node;)Lcom/google/javascript/rhino/Node;,0.00307334647652
com/google/javascript/jscomp/parsing/IRFactory:newNode(I)Lcom/google/javascript/rhino/Node;,0.00306793342292
com/google/javascript/jscomp/parsing/IRFactory:position2charno(I)I,0.00305730657311
com/google/javascript/jscomp/CompilerInput:<init>(Lcom/google/javascript/jscomp/SourceAst;Lcom/google/javascript/rhino/InputId;Z)V,0.00305528261478
com/google/javascript/jscomp/CompilerInput:<init>(Lcom/google/javascript/jscomp/JSSourceFile;Z)V,0.00304866546098
com/google/javascript/jscomp/Compiler:addChangeHandler(Lcom/google/javascript/jscomp/CodeChangeHandler;)V,0.00304550588189
com/google/javascript/jscomp/BasicErrorManager:getWarningCount()I,0.00303838604972
com/google/javascript/jscomp/JSModule:add(Lcom/google/javascript/jscomp/JSSourceFile;)V,0.00303669773035
com/google/javascript/jscomp/ClosureCodingConvention:<init>()V,0.00303622786237
com/google/javascript/jscomp/CompilerInput:<init>(Lcom/google/javascript/jscomp/SourceAst;Z)V,0.00303298140727
com/google/javascript/rhino/Node:putIntProp(II)V,0.00302236040693
com/google/javascript/jscomp/Compiler:prepareAst(Lcom/google/javascript/rhino/Node;)V,0.00301391311334
com/google/javascript/rhino/Node:clonePropsFrom(Lcom/google/javascript/rhino/Node;)Lcom/google/javascript/rhino/Node;,0.00300133972671
com/google/javascript/jscomp/parsing/IRFactory:createTemplateNode()Lcom/google/javascript/rhino/Node;,0.00299262722698
com/google/javascript/rhino/Node:getCharno()I,0.00296269176799
com/google/javascript/jscomp/parsing/IRFactory:maybeSetLengthFrom(Lcom/google/javascript/rhino/Node;Lcom/google/javascript/rhino/head/ast/AstNode;)V,0.00295678436755
com/google/javascript/jscomp/Compiler:makeCompilerInput(Ljava/util/List;Z)Ljava/util/List;,0.00295663018308
com/google/javascript/jscomp/CompilerOptions:getLanguageIn()Lcom/google/javascript/jscomp/CompilerOptions$LanguageMode;,0.00294605936043
com/google/javascript/jscomp/ComposeWarningsGuard:addGuards(Ljava/lang/Iterable;)V,0.00293940744162
com/google/javascript/jscomp/SourceFile$Preloaded:<init>(Ljava/lang/String;Ljava/lang/String;Ljava/lang/String;)V,0.00293239820238
com/google/javascript/jscomp/WarningsGuard:<init>()V,0.00293035514596
com/google/javascript/jscomp/NodeTraversal:getSourceName(Lcom/google/javascript/rhino/Node;)Ljava/lang/String;,0.00292478518028
com/google/javascript/rhino/Node:mergeLineCharNo(II)I,0.00291525893693
com/google/javascript/jscomp/JsAst:<init>(Lcom/google/javascript/jscomp/SourceFile;)V,0.00291186129669
com/google/javascript/jscomp/JSSourceFile:<init>(Lcom/google/javascript/jscomp/SourceFile;)V,0.00290081214081
com/google/javascript/jscomp/LoggerErrorManager:<init>(Lcom/google/javascript/jscomp/MessageFormatter;Ljava/util/logging/Logger;)V,0.00289806352923
com/google/javascript/jscomp/JSSourceFile:fromCode(Ljava/lang/String;Ljava/lang/String;)Lcom/google/javascript/jscomp/JSSourceFile;,0.0028966416371
com/google/javascript/jscomp/DiagnosticGroup:getTypes()Ljava/util/Collection;,0.00288463709093
com/google/javascript/rhino/Node$IntPropListItem:chain(Lcom/google/javascript/rhino/Node$PropListItem;)Lcom/google/javascript/rhino/Node$PropListItem;,0.00288380315757
com/google/javascript/jscomp/NodeTraversal:pushScope(Lcom/google/javascript/rhino/Node;)V,0.00287990965106
com/google/javascript/jscomp/NodeTraversal:popScope()V,0.0028796983621
com/google/javascript/jscomp/PrepareAst:process(Lcom/google/javascript/rhino/Node;Lcom/google/javascript/rhino/Node;)V,0.0028695853369
com/google/javascript/jscomp/DiagnosticGroup:matches(Lcom/google/javascript/jscomp/DiagnosticType;)Z,0.00286850452315
com/google/javascript/jscomp/Compiler:getDiagnosticGroups()Lcom/google/javascript/jscomp/DiagnosticGroups;,0.00286203889969
com/google/javascript/rhino/Node:removeProp(I)V,0.00282100734719
com/google/javascript/jscomp/NodeTraversal:<init>(Lcom/google/javascript/jscomp/AbstractCompiler;Lcom/google/javascript/jscomp/NodeTraversal$Callback;)V,0.00281019196329
com/google/javascript/jscomp/parsing/IRFactory:newStringNode(ILjava/lang/String;)Lcom/google/javascript/rhino/Node;,0.00278976640227
com/google/javascript/jscomp/GoogleCodingConvention:<init>()V,0.0027817588961
com/google/javascript/jscomp/SourceFile:fromCode(Ljava/lang/String;Ljava/lang/String;)Lcom/google/javascript/jscomp/SourceFile;,0.0027677316894
com/google/javascript/jscomp/ErrorFormat$2:toFormatter(Lcom/google/javascript/jscomp/SourceExcerptProvider;Z)Lcom/google/javascript/jscomp/MessageFormatter;,0.00276113918064
com/google/javascript/rhino/Node$AbstractPropListItem:getType()I,0.0027609850918
com/google/javascript/rhino/Node:lookupProperty(I)Lcom/google/javascript/rhino/Node$PropListItem;,0.00274932593088
com/google/javascript/jscomp/RhinoErrorReporter:<init>(Lcom/google/javascript/jscomp/AbstractCompiler;Lcom/google/javascript/jscomp/RhinoErrorReporter$1;)V,0.00274565952177
com/google/javascript/jscomp/GoogleCodingConvention:<init>(Lcom/google/javascript/jscomp/CodingConvention;)V,0.00274154662642
com/google/javascript/jscomp/RhinoErrorReporter:<init>(Lcom/google/javascript/jscomp/AbstractCompiler;)V,0.00272956400485
com/google/javascript/jscomp/JSModule:add(Lcom/google/javascript/jscomp/CompilerInput;)V,0.002717018206
com/google/javascript/jscomp/Compiler:initBasedOnOptions()V,0.00270158195755
com/google/javascript/jscomp/parsing/ParserRunner:createConfig(ZLcom/google/javascript/jscomp/parsing/Config$LanguageMode;ZLjava/util/Set;)Lcom/google/javascript/jscomp/parsing/Config;,0.00269548108612
com/google/javascript/jscomp/parsing/IRFactory$TransformDispatcher:processBlock(Lcom/google/javascript/rhino/head/ast/Block;)Lcom/google/javascript/rhino/Node;,0.00268555426268
com/google/javascript/jscomp/CompilerOptions:getWarningsGuard()Lcom/google/javascript/jscomp/WarningsGuard;,0.00267646598755
com/google/javascript/jscomp/DiagnosticGroups:getRegisteredGroups()Ljava/util/Map;,0.00267646598755
com/google/javascript/jscomp/Compiler:setErrorManager(Lcom/google/javascript/jscomp/ErrorManager;)V,0.00267646554997
com/google/javascript/jscomp/CompilerInput:getInputId()Lcom/google/javascript/rhino/InputId;,0.00266947182131
com/google/javascript/jscomp/Compiler:isIdeMode()Z,0.00265920385151
com/google/javascript/jscomp/JsAst:getSourceFile()Lcom/google/javascript/jscomp/SourceFile;,0.00265879705078
com/google/javascript/jscomp/CompilerOptions:addWarningsGuard(Lcom/google/javascript/jscomp/WarningsGuard;)V,0.00265059291677
com/google/javascript/jscomp/parsing/IRFactory:access$1500(Lcom/google/javascript/jscomp/parsing/IRFactory;ILjava/lang/String;)Lcom/google/javascript/rhino/Node;,0.00263766669203
com/google/javascript/rhino/Node:setInputId(Lcom/google/javascript/rhino/InputId;)V,0.00263472564178
com/google/javascript/jscomp/RhinoErrorReporter:forOldRhino(Lcom/google/javascript/jscomp/AbstractCompiler;)Lcom/google/javascript/rhino/ErrorReporter;,0.00262939332
com/google/javascript/jscomp/RhinoErrorReporter:forNewRhino(Lcom/google/javascript/jscomp/AbstractCompiler;)Lcom/google/javascript/rhino/head/ErrorReporter;,0.00262939332
com/google/javascript/jscomp/parsing/IRFactory:justTransform(Lcom/google/javascript/rhino/head/ast/AstNode;)Lcom/google/javascript/rhino/Node;,0.00262308723394
com/google/javascript/rhino/Node$IntPropListItem:<init>(IILcom/google/javascript/rhino/Node$PropListItem;)V,0.00262046629116
com/google/javascript/jscomp/CompilerInput:<init>(Lcom/google/javascript/jscomp/JSSourceFile;)V,0.00261928142878
com/google/javascript/jscomp/parsing/IRFactory$TransformDispatcher:<init>(Lcom/google/javascript/jscomp/parsing/IRFactory;Lcom/google/javascript/jscomp/parsing/IRFactory$1;)V,0.00261424454247
com/google/javascript/jscomp/Compiler$3:<init>(Lcom/google/javascript/jscomp/Compiler;Ljava/lang/String;Z)V,0.00261338686643
com/google/javascript/jscomp/ComposeWarningsGuard:<init>([Lcom/google/javascript/jscomp/WarningsGuard;)V,0.00260971641235
com/google/javascript/jscomp/parsing/IRFactory$TransformDispatcher:isReservedKeyword(Ljava/lang/String;)Z,0.00260342473549
com/google/javascript/rhino/Node:getJsDocBuilderForNode()Lcom/google/javascript/rhino/Node$FileLevelJsDocBuilder;,0.00259878833843
com/google/javascript/jscomp/SourceFile:<init>(Ljava/lang/String;)V,0.00259515493765
com/google/javascript/jscomp/ComposeWarningsGuard$GuardComparator:<init>(Ljava/util/Map;Lcom/google/javascript/jscomp/ComposeWarningsGuard$1;)V,0.00259507214641
com/google/javascript/jscomp/SourceFile$Builder:buildFromCode(Ljava/lang/String;Ljava/lang/String;)Lcom/google/javascript/jscomp/SourceFile;,0.00258579925883
com/google/javascript/jscomp/Compiler:getDefaultErrorReporter()Lcom/google/javascript/rhino/head/ErrorReporter;,0.00258519520811
com/google/javascript/rhino/Node:getChildCount()I,0.00258118163436
com/google/javascript/jscomp/PrepareAst$PrepareAnnotations:<init>(Lcom/google/javascript/jscomp/AbstractCompiler;)V,0.00257660393482
com/google/javascript/jscomp/PrepareAst:<init>(Lcom/google/javascript/jscomp/AbstractCompiler;)V,0.00257354707893
com/google/javascript/jscomp/ClosureCodingConvention:<init>(Lcom/google/javascript/jscomp/CodingConvention;)V,0.00256769664836
com/google/javascript/rhino/InputId:getIdName()Ljava/lang/String;,0.0025661244914
com/google/javascript/jscomp/CodingConventions:getDefault()Lcom/google/javascript/jscomp/CodingConvention;,0.00256593010804
com/google/javascript/rhino/Node:<init>(ILcom/google/javascript/rhino/Node;Lcom/google/javascript/rhino/Node;)V,0.00256535344599
com/google/javascript/jscomp/SyntacticScopeCreator:<init>(Lcom/google/javascript/jscomp/AbstractCompiler;)V,0.00256525566362
com/google/javascript/rhino/Node:createProp(ILjava/lang/Object;Lcom/google/javascript/rhino/Node$PropListItem;)Lcom/google/javascript/rhino/Node$PropListItem;,0.00256320753983
com/google/javascript/jscomp/SourceFile:access$000(Lcom/google/javascript/jscomp/SourceFile;Ljava/lang/String;)V,0.00255169631081
com/google/javascript/rhino/Node$AbstractPropListItem:getNext()Lcom/google/javascript/rhino/Node$PropListItem;,0.0025500069905
com/google/javascript/jscomp/LightweightMessageFormatter:<init>(Lcom/google/javascript/jscomp/SourceExcerptProvider;)V,0.00254726458432
com/google/javascript/jscomp/RhinoErrorReporter$NewRhinoErrorReporter:<init>(Lcom/google/javascript/jscomp/AbstractCompiler;)V,0.00254553563127
com/google/javascript/jscomp/RhinoErrorReporter$OldRhinoErrorReporter:<init>(Lcom/google/javascript/jscomp/AbstractCompiler;)V,0.00254553563127
com/google/javascript/jscomp/SourceFile:builder()Lcom/google/javascript/jscomp/SourceFile$Builder;,0.00253855333476
com/google/javascript/jscomp/RhinoErrorReporter$OldRhinoErrorReporter:<init>(Lcom/google/javascript/jscomp/AbstractCompiler;Lcom/google/javascript/jscomp/RhinoErrorReporter$1;)V,0.00253698227023
com/google/javascript/jscomp/RhinoErrorReporter$NewRhinoErrorReporter:<init>(Lcom/google/javascript/jscomp/AbstractCompiler;Lcom/google/javascript/jscomp/RhinoErrorReporter$1;)V,0.00253698227023
com/google/javascript/jscomp/BasicErrorManager:<init>()V,0.00253658616188
com/google/javascript/jscomp/Compiler:getCodingConvention()Lcom/google/javascript/jscomp/CodingConvention;,0.00253269489032
com/google/javascript/jscomp/SyntacticScopeCreator$DefaultRedeclarationHandler:<init>(Lcom/google/javascript/jscomp/SyntacticScopeCreator;Lcom/google/javascript/jscomp/SyntacticScopeCreator$1;)V,0.00253100089375
com/google/javascript/jscomp/CodingConventions$Proxy:<init>(Lcom/google/javascript/jscomp/CodingConvention;)V,0.0025306461679
com/google/javascript/rhino/InputId:<init>(Ljava/lang/String;)V,0.00252781140801
com/google/javascript/jscomp/CompilerOptions:<init>()V,0.00252018560769
com/google/javascript/jscomp/parsing/IRFactory$TransformDispatcher:<init>(Lcom/google/javascript/jscomp/parsing/IRFactory;)V,0.00251617093818
com/google/javascript/jscomp/LightweightMessageFormatter:<init>(Lcom/google/javascript/jscomp/SourceExcerptProvider;Lcom/google/javascript/jscomp/SourceExcerptProvider$SourceExcerpt;)V,0.00251563858488
com/google/javascript/jscomp/CodingConventions$DefaultCodingConvention:<init>(Lcom/google/javascript/jscomp/CodingConventions$1;)V,0.00251387301708
com/google/javascript/rhino/Node$StringNode:<init>(ILjava/lang/String;)V,0.00250648240324
com/google/javascript/rhino/ScriptRuntime:getMessage0(Ljava/lang/String;)Ljava/lang/String;,0.00250357636117
com/google/javascript/jscomp/ComposeWarningsGuard$GuardComparator:compare(Lcom/google/javascript/jscomp/WarningsGuard;Lcom/google/javascript/jscomp/WarningsGuard;)I,0.00249837518911
com/google/javascript/jscomp/CompilerInput:setModule(Lcom/google/javascript/jscomp/JSModule;)V,0.00249496766243
com/google/javascript/rhino/Node:createProp(IILcom/google/javascript/rhino/Node$PropListItem;)Lcom/google/javascript/rhino/Node$PropListItem;,0.00246655700275
com/google/javascript/rhino/Node$ObjectPropListItem:<init>(ILjava/lang/Object;Lcom/google/javascript/rhino/Node$PropListItem;)V,0.00246270314194
com/google/javascript/jscomp/parsing/Config:<init>(Ljava/util/Set;Ljava/util/Set;ZLcom/google/javascript/jscomp/parsing/Config$LanguageMode;Z)V,0.00245242396515
com/google/javascript/jscomp/Compiler:<init>()V,0.00244689129239
com/google/javascript/jscomp/AbstractCompiler:<init>()V,0.00242929244594
com/google/javascript/jscomp/CodeChangeHandler$RecentChange:<init>()V,0.0024292656136
com/google/javascript/rhino/Node:newString(ILjava/lang/String;)Lcom/google/javascript/rhino/Node;,0.00242761265679
com/google/javascript/jscomp/Compiler:acceptConstKeyword()Z,0.00241959080018
com/google/javascript/jscomp/parsing/IRFactory$TransformDispatcher:processName(Lcom/google/javascript/rhino/head/ast/Name;)Lcom/google/javascript/rhino/Node;,0.00241870430398
com/google/javascript/rhino/Node$AbstractPropListItem:<init>(ILcom/google/javascript/rhino/Node$PropListItem;)V,0.00241435029145
com/google/javascript/jscomp/parsing/IRFactory:transformTokenType(I)I,0.00241430766414
com/google/javascript/jscomp/SourceFile:setIsExtern(Z)V,0.00239343669908
com/google/javascript/jscomp/JsAst:getInputId()Lcom/google/javascript/rhino/InputId;,0.00239168951671
com/google/javascript/rhino/Node:extractLineno(I)I,0.0023834064995
com/google/javascript/jscomp/BasicErrorManager:getErrorCount()I,0.00237499159583
com/google/javascript/jscomp/CompilerOptions:shouldColorizeErrorOutput()Z,0.00237496009183
com/google/javascript/rhino/Node$ObjectPropListItem:getObjectValue()Ljava/lang/Object;,0.00236850172673
com/google/javascript/jscomp/SourceFile:setOriginalPath(Ljava/lang/String;)V,0.00236740765963
com/google/javascript/jscomp/NodeTraversal:<init>(Lcom/google/javascript/jscomp/AbstractCompiler;Lcom/google/javascript/jscomp/NodeTraversal$Callback;Lcom/google/javascript/jscomp/ScopeCreator;)V,0.00236557671961
com/google/javascript/jscomp/DiagnosticGroups:<init>()V,0.00235678757751
com/google/javascript/jscomp/PrepareAst:<init>(Lcom/google/javascript/jscomp/AbstractCompiler;Z)V,0.00235291755631
com/google/javascript/jscomp/CompilerOptions:getCodingConvention()Lcom/google/javascript/jscomp/CodingConvention;,0.00234600047396
com/google/javascript/jscomp/AbstractMessageFormatter:setColorize(Z)V,0.00234437281627
com/google/javascript/jscomp/RhinoErrorReporter:replacePlaceHolders(Ljava/lang/String;)Ljava/util/regex/Pattern;,0.00234414719712
com/google/javascript/jscomp/SyntacticScopeCreator$DefaultRedeclarationHandler:<init>(Lcom/google/javascript/jscomp/SyntacticScopeCreator;)V,0.00234350209391
com/google/javascript/jscomp/parsing/IRFactory:access$1600(Lcom/google/javascript/jscomp/parsing/IRFactory;)Ljava/util/Set;,0.00234280784078
com/google/javascript/jscomp/SourceFile:setCode(Ljava/lang/String;)V,0.00233722489698
com/google/javascript/jscomp/SourceFile$Builder:<init>()V,0.00233618570968
com/google/javascript/jscomp/ComposeWarningsGuard$GuardComparator:<init>(Ljava/util/Map;)V,0.00233538977434
com/google/javascript/jscomp/parsing/TypeSafeDispatcher:process(Lcom/google/javascript/rhino/head/ast/AstNode;)Ljava/lang/Object;,0.00233353469034
com/google/javascript/rhino/Node:extractCharno(I)I,0.00233321170603
com/google/javascript/jscomp/PassFactory:<init>(Ljava/lang/String;Z)V,0.00233265217626
com/google/javascript/jscomp/WarningsGuard:getPriority()I,0.00233198627149
com/google/javascript/rhino/Node$FileLevelJsDocBuilder:<init>(Lcom/google/javascript/rhino/Node;)V,0.0023309265895
com/google/javascript/jscomp/DependencyOptions:<init>()V,0.00232928333128
com/google/javascript/jscomp/SuppressDocWarningsGuard:getPriority()I,0.00232845339832
com/google/javascript/jscomp/BasicErrorManager$LeveledJSErrorComparator:<init>()V,0.00232650139045
com/google/javascript/jscomp/CodingConventions$DefaultCodingConvention:<init>()V,0.00232632213237
com/google/javascript/jscomp/parsing/TypeSafeDispatcher:<init>()V,0.00232508149757
com/google/javascript/jscomp/AbstractMessageFormatter:<init>(Lcom/google/javascript/jscomp/SourceExcerptProvider;)V,0.00232428141308
com/google/javascript/rhino/ScriptRuntime:getMessage(Ljava/lang/String;[Ljava/lang/Object;)Ljava/lang/String;,0.00230482296975
com/google/javascript/jscomp/JSModule:<init>(Ljava/lang/String;)V,0.00228057168414
com/google/javascript/jscomp/CompilerOptions:setCodingConvention(Lcom/google/javascript/jscomp/CodingConvention;)V,0.00227712159941
com/google/javascript/jscomp/parsing/ParserRunner:initResourceConfig()V,0.00227459076639
com/google/javascript/jscomp/parsing/Config:buildAnnotationNames(Ljava/util/Set;)Ljava/util/Map;,0.00225533585559
com/google/javascript/rhino/InputId:hashCode()I,0.00215256960656
com/google/javascript/jscomp/DiagnosticType:equals(Ljava/lang/Object;)Z,0.0021350439093
