,failing_score,passing_score,#failing,#passing,#TTLfailing,#TTLpassing
com/google/javascript/rhino/Node:isString()Z,0.31134229,0.72419004,1.00000000,5032.00000000,1.00000000,7229.00000000
com/google/javascript/jscomp/testing/TestErrorReporter:hasEncounteredAllErrors()Z,0.24493636,0.01362747,1.00000000,95.00000000,1.00000000,7229.00000000
com/google/javascript/jscomp/parsing/IRFactory$TransformDispatcher:transformAsString(Lcom/google/javascript/rhino/head/ast/AstNode;)Lcom/google/javascript/rhino/Node;,0.36765022,0.61104707,1.00000000,4246.00000000,1.00000000,7229.00000000
com/google/javascript/jscomp/parsing/IRFactory$TransformDispatcher:processEmptyExpression(Lcom/google/javascript/rhino/head/ast/EmptyExpression;)Lcom/google/javascript/rhino/Node;,0.27442881,0.12325696,1.00000000,855.00000000,1.00000000,7229.00000000
com/google/javascript/rhino/jstype/JSType:getNativeType(Lcom/google/javascript/rhino/jstype/JSTypeNative;)Lcom/google/javascript/rhino/jstype/JSType;,0.29755412,0.91360840,1.00000000,6352.00000000,1.00000000,7229.00000000
com/google/javascript/jscomp/parsing/IRFactory$TransformDispatcher:processVariableDeclaration(Lcom/google/javascript/rhino/head/ast/VariableDeclaration;)Lcom/google/javascript/rhino/Node;,0.35501624,0.62815373,1.00000000,4364.00000000,1.00000000,7229.00000000
com/google/javascript/rhino/jstype/ArrowType:<init>(Lcom/google/javascript/rhino/jstype/JSTypeRegistry;Lcom/google/javascript/rhino/Node;Lcom/google/javascript/rhino/jstype/JSType;)V,0.31216190,0.91346503,1.00000000,6352.00000000,1.00000000,7229.00000000
com/google/javascript/rhino/jstype/JSTypeRegistry$1:<init>(Lcom/google/javascript/rhino/jstype/JSTypeRegistry;Lcom/google/javascript/rhino/jstype/JSTypeRegistry;Ljava/lang/String;Lcom/google/javascript/rhino/Node;Lcom/google/javascript/rhino/jstype/ArrowType;Lcom/google/javascript/rhino/jstype/ObjectType;Ljava/lang/String;ZZ)V,0.34132779,0.91311233,1.00000000,6352.00000000,1.00000000,7229.00000000
com/google/javascript/rhino/jstype/SimpleSourceFile:<init>(Ljava/lang/String;Z)V,0.26790995,0.06931441,1.00000000,480.00000000,1.00000000,7229.00000000
com/google/javascript/rhino/jstype/JSTypeRegistry:register(Lcom/google/javascript/rhino/jstype/JSType;Ljava/lang/String;)V,0.28393961,0.91322591,1.00000000,6352.00000000,1.00000000,7229.00000000
com/google/javascript/jscomp/parsing/IRFactory:newStringNode(ILjava/lang/String;)Lcom/google/javascript/rhino/Node;,0.30258151,0.88123156,1.00000000,6128.00000000,1.00000000,7229.00000000
com/google/javascript/rhino/testing/BaseJSTypeTestCase:initTypes()V,0.39546225,0.36812269,1.00000000,2556.00000000,1.00000000,7229.00000000
com/google/javascript/rhino/jstype/InstanceObjectType:toString()Ljava/lang/String;,0.24493636,0.91258538,1.00000000,6353.00000000,1.00000000,7229.00000000
com/google/javascript/rhino/jstype/JSType:toMaybeUnionType()Lcom/google/javascript/rhino/jstype/UnionType;,0.39332457,0.91416632,1.00000000,6353.00000000,1.00000000,7229.00000000
com/google/javascript/jscomp/parsing/IRFactory:setFileOverviewJsDoc(Lcom/google/javascript/rhino/Node;)V,0.28348734,0.88941874,1.00000000,6185.00000000,1.00000000,7229.00000000
com/google/javascript/rhino/jstype/JSTypeRegistry:createArrowType(Lcom/google/javascript/rhino/Node;)Lcom/google/javascript/rhino/jstype/ArrowType;,0.32785664,0.91311140,1.00000000,6352.00000000,1.00000000,7229.00000000
com/google/javascript/jscomp/parsing/Config:buildAnnotationNames(Ljava/util/Set;)Ljava/util/Map;,0.26264563,0.94671884,1.00000000,6589.00000000,1.00000000,7229.00000000
com/google/javascript/rhino/Node:createProp(ILjava/lang/Object;Lcom/google/javascript/rhino/Node$PropListItem;)Lcom/google/javascript/rhino/Node$PropListItem;,0.28564892,0.94359512,1.00000000,6564.00000000,1.00000000,7229.00000000
com/google/javascript/rhino/jstype/JSTypeRegistry:<init>(Lcom/google/javascript/rhino/ErrorReporter;)V,0.28323467,0.10609141,1.00000000,734.00000000,1.00000000,7229.00000000
com/google/javascript/jscomp/parsing/IRFactory:transformTree(Lcom/google/javascript/rhino/head/ast/AstRoot;Lcom/google/javascript/rhino/jstype/StaticSourceFile;Ljava/lang/String;Lcom/google/javascript/jscomp/parsing/Config;Lcom/google/javascript/rhino/head/ErrorReporter;)Lcom/google/javascript/rhino/Node;,0.32939967,0.88972732,1.00000000,6185.00000000,1.00000000,7229.00000000
com/google/javascript/rhino/jstype/ObjectType:defineDeclaredProperty(Ljava/lang/String;Lcom/google/javascript/rhino/jstype/JSType;Lcom/google/javascript/rhino/Node;)Z,0.36495184,0.84386545,1.00000000,5861.00000000,1.00000000,7229.00000000
com/google/javascript/rhino/jstype/FunctionParamBuilder:hasOptionalOrVarArgs()Z,0.28254409,0.91335013,1.00000000,6352.00000000,1.00000000,7229.00000000
com/google/javascript/rhino/jstype/ObjectType:isUnknownType()Z,0.60967587,0.91867000,1.00000000,6353.00000000,1.00000000,7229.00000000
com/google/javascript/jscomp/parsing/IRFactory$TransformDispatcher:validAssignmentTarget(Lcom/google/javascript/rhino/Node;)Z,0.28857284,0.60726989,1.00000000,4225.00000000,1.00000000,7229.00000000
com/google/javascript/jscomp/parsing/IRFactory:createTemplateNode()Lcom/google/javascript/rhino/Node;,0.30774605,0.88945722,1.00000000,6185.00000000,1.00000000,7229.00000000
com/google/javascript/rhino/Node$AbstractPropListItem:<init>(ILcom/google/javascript/rhino/Node$PropListItem;)V,0.28039918,0.98961023,1.00000000,6881.00000000,1.00000000,7229.00000000
com/google/javascript/rhino/jstype/ObjectType:hasCachedValues()Z,0.26412085,0.91276772,1.00000000,6352.00000000,1.00000000,7229.00000000
com/google/javascript/jscomp/parsing/IRFactory$TransformDispatcher:isDirective(Lcom/google/javascript/rhino/Node;)Z,0.32781031,0.89004737,1.00000000,6185.00000000,1.00000000,7229.00000000
com/google/javascript/jscomp/testing/TestErrorReporter:<init>([Ljava/lang/String;[Ljava/lang/String;)V,0.24493636,0.07488617,1.00000000,522.00000000,1.00000000,7229.00000000
com/google/javascript/jscomp/parsing/IRFactory$TransformDispatcher:processAstRoot(Lcom/google/javascript/rhino/head/ast/AstRoot;)Lcom/google/javascript/rhino/Node;,0.35939171,0.88976345,1.00000000,6185.00000000,1.00000000,7229.00000000
com/google/javascript/rhino/Node:setJSType(Lcom/google/javascript/rhino/jstype/JSType;)V,0.26871806,0.91601156,1.00000000,6361.00000000,1.00000000,7229.00000000
com/google/javascript/rhino/jstype/NullType:toString()Ljava/lang/String;,0.26145897,0.91276747,1.00000000,6352.00000000,1.00000000,7229.00000000
com/google/javascript/rhino/jstype/JSTypeRegistry:resetForTypeCheck()V,0.34824444,0.91345165,1.00000000,6352.00000000,1.00000000,7229.00000000
com/google/javascript/rhino/Node:getFirstChild()Lcom/google/javascript/rhino/Node;,0.30810300,0.95510896,1.00000000,6533.00000000,1.00000000,7229.00000000
com/google/javascript/rhino/jstype/FunctionParamBuilder:build()Lcom/google/javascript/rhino/Node;,0.29636134,0.91337674,1.00000000,6352.00000000,1.00000000,7229.00000000
com/google/javascript/rhino/jstype/VoidType:getDisplayName()Ljava/lang/String;,0.26145897,0.91276876,1.00000000,6352.00000000,1.00000000,7229.00000000
com/google/javascript/rhino/jstype/PrototypeObjectType:getConstructor()Lcom/google/javascript/rhino/jstype/FunctionType;,0.36418905,0.84294767,1.00000000,5856.00000000,1.00000000,7229.00000000
com/google/javascript/jscomp/parsing/IRFactory:access$1000(Lcom/google/javascript/jscomp/parsing/IRFactory;Lcom/google/javascript/rhino/head/ast/AstNode;)Lcom/google/javascript/rhino/Node;,0.31471317,0.12241980,1.00000000,850.00000000,1.00000000,7229.00000000
com/google/javascript/rhino/jstype/JSTypeRegistry:registerPropertyOnType(Ljava/lang/String;Lcom/google/javascript/rhino/jstype/JSType;)V,0.43101327,0.91441456,1.00000000,6352.00000000,1.00000000,7229.00000000
com/google/javascript/rhino/Node:<init>(I)V,0.34540217,1.00000000,1.00000000,6938.00000000,1.00000000,7229.00000000
com/google/javascript/rhino/jstype/JSType:<init>(Lcom/google/javascript/rhino/jstype/JSTypeRegistry;)V,0.34978347,0.91427292,1.00000000,6353.00000000,1.00000000,7229.00000000
com/google/javascript/rhino/jstype/PrototypeObjectType:hasReferenceName()Z,0.29883623,0.91344148,1.00000000,6353.00000000,1.00000000,7229.00000000
com/google/javascript/rhino/jstype/FunctionType:setPrototypeBasedOn(Lcom/google/javascript/rhino/jstype/ObjectType;Lcom/google/javascript/rhino/Node;)V,0.38535974,0.91451445,1.00000000,6352.00000000,1.00000000,7229.00000000
com/google/javascript/jscomp/parsing/ParserRunner:createConfig(ZLcom/google/javascript/jscomp/parsing/Config$LanguageMode;Z)Lcom/google/javascript/jscomp/parsing/Config;,0.26363961,0.07610391,1.00000000,528.00000000,1.00000000,7229.00000000
com/google/javascript/rhino/jstype/JSTypeRegistry:addReferenceTypeIndexedByProperty(Ljava/lang/String;Lcom/google/javascript/rhino/jstype/JSType;)V,0.46757055,0.91582729,1.00000000,6352.00000000,1.00000000,7229.00000000
com/google/javascript/rhino/testing/BaseJSTypeTestCase:addNativeProperties(Lcom/google/javascript/rhino/jstype/JSTypeRegistry;)V,0.44822257,0.82348017,1.00000000,5718.00000000,1.00000000,7229.00000000
com/google/javascript/rhino/jstype/PrototypeObjectType:isNativeObjectType()Z,0.28346406,0.91319391,1.00000000,6352.00000000,1.00000000,7229.00000000
com/google/javascript/rhino/jstype/PrototypeObjectType:getPropertiesCount()I,0.37095057,0.36811434,1.00000000,2557.00000000,1.00000000,7229.00000000
com/google/javascript/rhino/jstype/FunctionType:setInstanceType(Lcom/google/javascript/rhino/jstype/ObjectType;)V,0.33545744,0.91311178,1.00000000,6352.00000000,1.00000000,7229.00000000
com/google/javascript/jscomp/parsing/IRFactory:newNode(I)Lcom/google/javascript/rhino/Node;,0.31661179,0.88945073,1.00000000,6185.00000000,1.00000000,7229.00000000
com/google/javascript/rhino/jstype/UnionType:<init>(Lcom/google/javascript/rhino/jstype/JSTypeRegistry;Ljava/util/Collection;)V,0.28768797,0.91325270,1.00000000,6353.00000000,1.00000000,7229.00000000
com/google/javascript/rhino/jstype/FunctionBuilder:withParamsNode(Lcom/google/javascript/rhino/Node;)Lcom/google/javascript/rhino/jstype/FunctionBuilder;,0.26640140,0.91290379,1.00000000,6352.00000000,1.00000000,7229.00000000
com/google/javascript/rhino/Node:setCharno(I)V,0.42605466,0.89040443,1.00000000,6185.00000000,1.00000000,7229.00000000
com/google/javascript/jscomp/parsing/IRFactory:access$1400(Lcom/google/javascript/jscomp/parsing/IRFactory;I)I,0.31989044,0.80328665,1.00000000,5587.00000000,1.00000000,7229.00000000
com/google/javascript/rhino/jstype/FunctionType:getInternalArrowType()Lcom/google/javascript/rhino/jstype/ArrowType;,0.36512265,0.91345241,1.00000000,6352.00000000,1.00000000,7229.00000000
com/google/javascript/rhino/jstype/InstanceObjectType:getImplicitPrototype()Lcom/google/javascript/rhino/jstype/ObjectType;,0.46984944,0.91596405,1.00000000,6353.00000000,1.00000000,7229.00000000
com/google/javascript/rhino/jstype/JSType:isFunctionType()Z,0.33705568,0.91521296,1.00000000,6353.00000000,1.00000000,7229.00000000
com/google/javascript/jscomp/parsing/ParserRunner:initResourceConfig()V,0.26363961,0.94671916,1.00000000,6589.00000000,1.00000000,7229.00000000
com/google/javascript/rhino/jstype/JSType:toMaybeRecordType()Lcom/google/javascript/rhino/jstype/RecordType;,0.31583685,0.91329135,1.00000000,6353.00000000,1.00000000,7229.00000000
com/google/javascript/rhino/jstype/JSTypeRegistry:createArrowType(Lcom/google/javascript/rhino/Node;Lcom/google/javascript/rhino/jstype/JSType;)Lcom/google/javascript/rhino/jstype/ArrowType;,0.38484935,0.91391598,1.00000000,6352.00000000,1.00000000,7229.00000000
com/google/javascript/rhino/Node$StringNode:<init>(ILjava/lang/String;)V,0.28609582,0.98837019,1.00000000,6872.00000000,1.00000000,7229.00000000
com/google/javascript/rhino/jstype/NumberType:toString()Ljava/lang/String;,0.26145897,0.91291317,1.00000000,6353.00000000,1.00000000,7229.00000000
com/google/javascript/rhino/jstype/FunctionBuilder:build()Lcom/google/javascript/rhino/jstype/FunctionType;,0.34419319,0.91403582,1.00000000,6352.00000000,1.00000000,7229.00000000
com/google/javascript/rhino/jstype/FunctionType:hasInstanceType()Z,0.31531909,0.91346062,1.00000000,6352.00000000,1.00000000,7229.00000000
com/google/javascript/rhino/jstype/VoidType:<init>(Lcom/google/javascript/rhino/jstype/JSTypeRegistry;)V,0.33162692,0.91311177,1.00000000,6352.00000000,1.00000000,7229.00000000
com/google/javascript/rhino/jstype/ErrorFunctionType:<init>(Lcom/google/javascript/rhino/jstype/JSTypeRegistry;Ljava/lang/String;)V,0.46943228,0.91481603,1.00000000,6352.00000000,1.00000000,7229.00000000
com/google/javascript/rhino/jstype/PrototypeObjectType:hasOwnProperty(Ljava/lang/String;)Z,0.26412667,0.84267532,1.00000000,5863.00000000,1.00000000,7229.00000000
com/google/javascript/rhino/jstype/PrototypeObjectType:setImplicitPrototype(Lcom/google/javascript/rhino/jstype/ObjectType;)V,0.37601912,0.91392800,1.00000000,6352.00000000,1.00000000,7229.00000000
com/google/javascript/rhino/jstype/ObjectType:hasOwnDeclaredProperty(Ljava/lang/String;)Z,0.30367372,0.84305186,1.00000000,5863.00000000,1.00000000,7229.00000000
com/google/javascript/rhino/Node:setStaticSourceFile(Lcom/google/javascript/rhino/jstype/StaticSourceFile;)V,0.28735761,0.94610932,1.00000000,6578.00000000,1.00000000,7229.00000000
com/google/javascript/rhino/Node:setVarArgs(Z)V,0.29063922,0.91365798,1.00000000,6354.00000000,1.00000000,7229.00000000
com/google/javascript/jscomp/parsing/TypeSafeDispatcher:<init>()V,0.26260337,0.88873205,1.00000000,6185.00000000,1.00000000,7229.00000000
com/google/javascript/jscomp/parsing/IRFactory:access$1300(Lcom/google/javascript/jscomp/parsing/IRFactory;Lcom/google/javascript/rhino/Node;Lcom/google/javascript/rhino/head/ast/AstNode;)V,0.34988036,0.82802383,1.00000000,5756.00000000,1.00000000,7229.00000000
com/google/javascript/rhino/Node:<init>(ILcom/google/javascript/rhino/Node;Lcom/google/javascript/rhino/Node;)V,0.26403345,0.74024045,1.00000000,5151.00000000,1.00000000,7229.00000000
com/google/javascript/rhino/jstype/ValueType:<init>(Lcom/google/javascript/rhino/jstype/JSTypeRegistry;)V,0.37182452,0.91446803,1.00000000,6352.00000000,1.00000000,7229.00000000
com/google/javascript/rhino/jstype/InstanceObjectType:getConstructor()Lcom/google/javascript/rhino/jstype/FunctionType;,0.46358207,0.91594466,1.00000000,6353.00000000,1.00000000,7229.00000000
com/google/javascript/rhino/jstype/AllType:<init>(Lcom/google/javascript/rhino/jstype/JSTypeRegistry;)V,0.33023409,0.91311170,1.00000000,6352.00000000,1.00000000,7229.00000000
com/google/javascript/rhino/jstype/InstanceObjectType:getCtorExtendedInterfaces()Ljava/lang/Iterable;,0.38473606,0.91393228,1.00000000,6352.00000000,1.00000000,7229.00000000
com/google/javascript/rhino/jstype/UnknownType:<init>(Lcom/google/javascript/rhino/jstype/JSTypeRegistry;Z)V,0.32824427,0.91311174,1.00000000,6352.00000000,1.00000000,7229.00000000
com/google/javascript/rhino/Node:createProp(IILcom/google/javascript/rhino/Node$PropListItem;)Lcom/google/javascript/rhino/Node$PropListItem;,0.28186369,0.98650966,1.00000000,6860.00000000,1.00000000,7229.00000000
com/google/javascript/jscomp/parsing/IRFactory$TransformDispatcher:processName(Lcom/google/javascript/rhino/head/ast/Name;Z)Lcom/google/javascript/rhino/Node;,0.31812857,0.88125840,1.00000000,6127.00000000,1.00000000,7229.00000000
com/google/javascript/rhino/jstype/JSTypeRegistry:createParameters(Z[Lcom/google/javascript/rhino/jstype/JSType;)Lcom/google/javascript/rhino/Node;,0.41458902,0.91447452,1.00000000,6352.00000000,1.00000000,7229.00000000
com/google/javascript/rhino/jstype/PrototypeObjectType:<init>(Lcom/google/javascript/rhino/jstype/JSTypeRegistry;Ljava/lang/String;Lcom/google/javascript/rhino/jstype/ObjectType;Z)V,0.48283634,0.91515469,1.00000000,6352.00000000,1.00000000,7229.00000000
com/google/javascript/rhino/Node:setIsSyntheticBlock(Z)V,0.28563243,0.88552644,1.00000000,6158.00000000,1.00000000,7229.00000000
com/google/javascript/rhino/jstype/PrototypeObjectType:getCtorExtendedInterfaces()Ljava/lang/Iterable;,0.39348320,0.91427156,1.00000000,6352.00000000,1.00000000,7229.00000000
com/google/javascript/rhino/jstype/JSType:isNoObjectType()Z,0.26824950,0.91292955,1.00000000,6352.00000000,1.00000000,7229.00000000
com/google/javascript/rhino/jstype/BooleanType:toString()Ljava/lang/String;,0.26145897,0.91320494,1.00000000,6355.00000000,1.00000000,7229.00000000
com/google/javascript/rhino/jstype/JSType:isEmptyType()Z,0.36891521,0.91514044,1.00000000,6352.00000000,1.00000000,7229.00000000
com/google/javascript/rhino/Node$AbstractPropListItem:getType()I,0.28556026,0.95598991,1.00000000,6647.00000000,1.00000000,7229.00000000
com/google/javascript/jscomp/parsing/IRFactory:access$1200(Lcom/google/javascript/jscomp/parsing/IRFactory;ILcom/google/javascript/rhino/Node;Lcom/google/javascript/rhino/Node;)Lcom/google/javascript/rhino/Node;,0.31998779,0.73267373,1.00000000,5096.00000000,1.00000000,7229.00000000
com/google/javascript/rhino/jstype/FunctionType:isInterface()Z,0.38411527,0.91537732,1.00000000,6353.00000000,1.00000000,7229.00000000
com/google/javascript/jscomp/parsing/IRFactory:justTransform(Lcom/google/javascript/rhino/head/ast/AstNode;)Lcom/google/javascript/rhino/Node;,0.28620320,0.88906343,1.00000000,6185.00000000,1.00000000,7229.00000000
com/google/javascript/rhino/jstype/InstanceObjectType:getReferenceName()Ljava/lang/String;,0.35288343,0.91441337,1.00000000,6353.00000000,1.00000000,7229.00000000
com/google/javascript/rhino/jstype/JSType:isNoType()Z,0.32015909,0.91350693,1.00000000,6353.00000000,1.00000000,7229.00000000
com/google/javascript/rhino/jstype/JSType:toMaybeFunctionType()Lcom/google/javascript/rhino/jstype/FunctionType;,0.31814580,0.91492007,1.00000000,6353.00000000,1.00000000,7229.00000000
com/google/javascript/rhino/jstype/JSType:isNoResolvedType()Z,0.32015909,0.91332065,1.00000000,6353.00000000,1.00000000,7229.00000000
com/google/javascript/rhino/jstype/InstanceObjectType:isEquivalentTo(Lcom/google/javascript/rhino/jstype/JSType;)Z,0.48671398,0.91628241,1.00000000,6353.00000000,1.00000000,7229.00000000
com/google/javascript/rhino/jstype/FunctionType:toMaybeFunctionType()Lcom/google/javascript/rhino/jstype/FunctionType;,0.31814580,0.91477587,1.00000000,6352.00000000,1.00000000,7229.00000000
com/google/javascript/jscomp/parsing/IRFactory$TransformDispatcher:isReservedKeyword(Ljava/lang/String;)Z,0.28164333,0.87998148,1.00000000,6122.00000000,1.00000000,7229.00000000
com/google/javascript/rhino/jstype/SimpleSourceFile:getName()Ljava/lang/String;,0.28683959,0.06505639,1.00000000,445.00000000,1.00000000,7229.00000000
com/google/javascript/rhino/Node:removeProp(I)V,0.30885374,0.99021350,1.00000000,6882.00000000,1.00000000,7229.00000000
com/google/javascript/rhino/Node:clonePropsFrom(Lcom/google/javascript/rhino/Node;)Lcom/google/javascript/rhino/Node;,0.32211534,0.92862037,1.00000000,6453.00000000,1.00000000,7229.00000000
com/google/javascript/rhino/Node:putProp(ILjava/lang/Object;)V,0.36354198,0.95056909,1.00000000,6600.00000000,1.00000000,7229.00000000
com/google/javascript/jscomp/parsing/IRFactory$TransformDispatcher:processKeywordLiteral(Lcom/google/javascript/rhino/head/ast/KeywordLiteral;)Lcom/google/javascript/rhino/Node;,0.29693405,0.18488585,1.00000000,1282.00000000,1.00000000,7229.00000000
com/google/javascript/rhino/Node:getType()I,0.35536911,0.94670483,1.00000000,6476.00000000,1.00000000,7229.00000000
com/google/javascript/rhino/jstype/NumberType:<init>(Lcom/google/javascript/rhino/jstype/JSTypeRegistry;)V,0.33162692,0.91311177,1.00000000,6352.00000000,1.00000000,7229.00000000
com/google/javascript/jscomp/parsing/IRFactory$TransformDispatcher:processName(Lcom/google/javascript/rhino/head/ast/Name;)Lcom/google/javascript/rhino/Node;,0.26504012,0.87965393,1.00000000,6122.00000000,1.00000000,7229.00000000
com/google/javascript/rhino/jstype/ObjectType:cast(Lcom/google/javascript/rhino/jstype/JSType;)Lcom/google/javascript/rhino/jstype/ObjectType;,0.29557167,0.91538550,1.00000000,6353.00000000,1.00000000,7229.00000000
com/google/javascript/rhino/jstype/FunctionType:addSubType(Lcom/google/javascript/rhino/jstype/FunctionType;)V,0.28368517,0.91276916,1.00000000,6352.00000000,1.00000000,7229.00000000
com/google/javascript/rhino/jstype/ObjectType$Property:<init>(Ljava/lang/String;Lcom/google/javascript/rhino/jstype/JSType;ZLcom/google/javascript/rhino/Node;)V,0.30439753,0.91318275,1.00000000,6352.00000000,1.00000000,7229.00000000
com/google/javascript/rhino/jstype/JSTypeRegistry:createOptionalType(Lcom/google/javascript/rhino/jstype/JSType;)Lcom/google/javascript/rhino/jstype/JSType;,0.39573989,0.91461904,1.00000000,6352.00000000,1.00000000,7229.00000000
com/google/javascript/rhino/jstype/JSTypeRegistry:initializeBuiltInTypes()V,1.00000000,0.92297705,1.00000000,6352.00000000,1.00000000,7229.00000000
com/google/javascript/rhino/jstype/InstanceObjectType:defineProperty(Ljava/lang/String;Lcom/google/javascript/rhino/jstype/JSType;ZLcom/google/javascript/rhino/Node;)Z,0.33759327,0.84287545,1.00000000,5860.00000000,1.00000000,7229.00000000
com/google/javascript/rhino/jstype/UnionTypeBuilder:<init>(Lcom/google/javascript/rhino/jstype/JSTypeRegistry;)V,0.29142621,0.91371219,1.00000000,6353.00000000,1.00000000,7229.00000000
com/google/javascript/rhino/jstype/PrototypeObjectType:getImplicitPrototype()Lcom/google/javascript/rhino/jstype/ObjectType;,0.38687872,0.91496811,1.00000000,6353.00000000,1.00000000,7229.00000000
com/google/javascript/rhino/jstype/InstanceObjectType:isNominalType()Z,0.29878211,0.91327664,1.00000000,6353.00000000,1.00000000,7229.00000000
com/google/javascript/rhino/jstype/JSType:toObjectType()Lcom/google/javascript/rhino/jstype/ObjectType;,0.31455622,0.91360199,1.00000000,6353.00000000,1.00000000,7229.00000000
com/google/javascript/jscomp/parsing/IRFactory:access$300(Lcom/google/javascript/jscomp/parsing/IRFactory;Lcom/google/javascript/rhino/head/ast/AstNode;)Lcom/google/javascript/rhino/Node;,0.55400263,0.89020380,1.00000000,6175.00000000,1.00000000,7229.00000000
com/google/javascript/jscomp/parsing/ParserRunner:parse(Lcom/google/javascript/rhino/jstype/StaticSourceFile;Ljava/lang/String;Lcom/google/javascript/jscomp/parsing/Config;Lcom/google/javascript/rhino/head/ErrorReporter;Ljava/util/logging/Logger;)Lcom/google/javascript/rhino/Node;,0.30192911,0.88558204,1.00000000,6156.00000000,1.00000000,7229.00000000
com/google/javascript/jscomp/parsing/IRFactory:newNode(ILcom/google/javascript/rhino/Node;Lcom/google/javascript/rhino/Node;)Lcom/google/javascript/rhino/Node;,0.30219862,0.73279893,1.00000000,5096.00000000,1.00000000,7229.00000000
com/google/javascript/rhino/jstype/PrototypeObjectType:hasCachedValues()Z,0.30358172,0.91344777,1.00000000,6352.00000000,1.00000000,7229.00000000
com/google/javascript/rhino/jstype/PrototypeObjectType:setPrettyPrint(Z)V,0.27813421,0.91285002,1.00000000,6352.00000000,1.00000000,7229.00000000
com/google/javascript/rhino/jstype/VoidType:toString()Ljava/lang/String;,0.26145897,0.91276747,1.00000000,6352.00000000,1.00000000,7229.00000000
com/google/javascript/rhino/jstype/FunctionType:setPrototypeBasedOn(Lcom/google/javascript/rhino/jstype/ObjectType;)V,0.33248228,0.91337789,1.00000000,6352.00000000,1.00000000,7229.00000000
com/google/javascript/rhino/jstype/JSTypeRegistry:createNullableType(Lcom/google/javascript/rhino/jstype/JSType;)Lcom/google/javascript/rhino/jstype/JSType;,0.33181845,0.84377942,1.00000000,5868.00000000,1.00000000,7229.00000000
com/google/javascript/rhino/Node:setOptionalArg(Z)V,0.28909828,0.91336479,1.00000000,6352.00000000,1.00000000,7229.00000000
com/google/javascript/rhino/jstype/JSType:isUnknownType()Z,0.33589350,0.91465106,1.00000000,6353.00000000,1.00000000,7229.00000000
com/google/javascript/rhino/jstype/UnionTypeBuilder:<init>(Lcom/google/javascript/rhino/jstype/JSTypeRegistry;I)V,0.29059009,0.91325250,1.00000000,6353.00000000,1.00000000,7229.00000000
com/google/javascript/jscomp/parsing/IRFactory:position2charno(I)I,0.29088621,0.88919517,1.00000000,6185.00000000,1.00000000,7229.00000000
com/google/javascript/jscomp/parsing/IRFactory$TransformDispatcher:processScope(Lcom/google/javascript/rhino/head/ast/Scope;)Lcom/google/javascript/rhino/Node;,0.26988116,0.11682207,1.00000000,810.00000000,1.00000000,7229.00000000
com/google/javascript/rhino/Node:setLineno(I)V,0.42306613,0.89056584,1.00000000,6186.00000000,1.00000000,7229.00000000
com/google/javascript/rhino/Node$FileLevelJsDocBuilder:<init>(Lcom/google/javascript/rhino/Node;)V,0.26290703,0.88932134,1.00000000,6189.00000000,1.00000000,7229.00000000
com/google/javascript/rhino/Node$AbstractPropListItem:getNext()Lcom/google/javascript/rhino/Node$PropListItem;,0.28556026,0.94922970,1.00000000,6603.00000000,1.00000000,7229.00000000
com/google/javascript/rhino/jstype/PrototypeObjectType:<init>(Lcom/google/javascript/rhino/jstype/JSTypeRegistry;Ljava/lang/String;Lcom/google/javascript/rhino/jstype/ObjectType;)V,0.29980095,0.91319106,1.00000000,6352.00000000,1.00000000,7229.00000000
com/google/javascript/rhino/jstype/InstanceObjectType:hashCode()I,0.29032488,0.91337880,1.00000000,6353.00000000,1.00000000,7229.00000000
com/google/javascript/rhino/jstype/FunctionType:hasCachedValues()Z,0.28788295,0.91311034,1.00000000,6352.00000000,1.00000000,7229.00000000
com/google/javascript/rhino/jstype/FunctionType:<init>(Lcom/google/javascript/rhino/jstype/JSTypeRegistry;Ljava/lang/String;Lcom/google/javascript/rhino/Node;Lcom/google/javascript/rhino/jstype/ArrowType;Lcom/google/javascript/rhino/jstype/ObjectType;Ljava/lang/String;ZZ)V,0.52533427,0.91597122,1.00000000,6352.00000000,1.00000000,7229.00000000
com/google/javascript/rhino/jstype/FunctionType:getExtendedInterfaces()Ljava/lang/Iterable;,0.33286381,0.91368646,1.00000000,6352.00000000,1.00000000,7229.00000000
com/google/javascript/rhino/jstype/FunctionType:getInstanceType()Lcom/google/javascript/rhino/jstype/ObjectType;,0.39647018,0.91496822,1.00000000,6352.00000000,1.00000000,7229.00000000
com/google/javascript/jscomp/parsing/IRFactory$TransformDispatcher:processForInLoop(Lcom/google/javascript/rhino/head/ast/ForInLoop;)Lcom/google/javascript/rhino/Node;,0.31777898,0.01149260,1.00000000,77.00000000,1.00000000,7229.00000000
com/google/javascript/rhino/Node$IntPropListItem:<init>(IILcom/google/javascript/rhino/Node$PropListItem;)V,0.28046792,0.98683444,1.00000000,6860.00000000,1.00000000,7229.00000000
com/google/javascript/rhino/jstype/JSType:isSubtype(Lcom/google/javascript/rhino/jstype/JSType;)Z,0.42588260,0.91462223,1.00000000,6353.00000000,1.00000000,7229.00000000
com/google/javascript/rhino/jstype/NoObjectType:<init>(Lcom/google/javascript/rhino/jstype/JSTypeRegistry;)V,0.43243957,0.91447289,1.00000000,6352.00000000,1.00000000,7229.00000000
com/google/javascript/rhino/Node:getLineno()I,0.39104524,0.91410816,1.00000000,6347.00000000,1.00000000,7229.00000000
com/google/javascript/jscomp/parsing/IRFactory$TransformDispatcher:processVariableInitializer(Lcom/google/javascript/rhino/head/ast/VariableInitializer;)Lcom/google/javascript/rhino/Node;,0.30862755,0.62758345,1.00000000,4364.00000000,1.00000000,7229.00000000
com/google/javascript/rhino/jstype/JSTypeRegistry:initializeRegistry()V,0.33326063,0.91378996,1.00000000,6352.00000000,1.00000000,7229.00000000
com/google/javascript/rhino/jstype/JSTypeRegistry:register(Lcom/google/javascript/rhino/jstype/JSType;)V,0.28393961,0.91310789,1.00000000,6352.00000000,1.00000000,7229.00000000
com/google/javascript/rhino/Node:newString(ILjava/lang/String;)Lcom/google/javascript/rhino/Node;,0.30591885,0.98631277,1.00000000,6856.00000000,1.00000000,7229.00000000
com/google/javascript/rhino/jstype/ObjectType:isImplicitPrototype(Lcom/google/javascript/rhino/jstype/ObjectType;)Z,0.40916759,0.91461649,1.00000000,6353.00000000,1.00000000,7229.00000000
com/google/javascript/jscomp/parsing/IRFactory$TransformDispatcher:processInfixExpression(Lcom/google/javascript/rhino/head/ast/InfixExpression;)Lcom/google/javascript/rhino/Node;,0.43983623,0.64536016,1.00000000,4477.00000000,1.00000000,7229.00000000
com/google/javascript/rhino/jstype/JSTypeRegistry:getNativeFunctionType(Lcom/google/javascript/rhino/jstype/JSTypeNative;)Lcom/google/javascript/rhino/jstype/FunctionType;,0.35199600,0.91392453,1.00000000,6352.00000000,1.00000000,7229.00000000
com/google/javascript/rhino/jstype/ObjectType:isFunctionPrototypeType()Z,0.31245200,0.91381425,1.00000000,6352.00000000,1.00000000,7229.00000000
com/google/javascript/jscomp/parsing/IRFactory$TransformDispatcher:<init>(Lcom/google/javascript/jscomp/parsing/IRFactory;)V,0.27956850,0.88906298,1.00000000,6185.00000000,1.00000000,7229.00000000
com/google/javascript/rhino/jstype/InstanceObjectType:<init>(Lcom/google/javascript/rhino/jstype/JSTypeRegistry;Lcom/google/javascript/rhino/jstype/FunctionType;Z)V,0.30864646,0.91312552,1.00000000,6352.00000000,1.00000000,7229.00000000
com/google/javascript/rhino/Node:<init>(ILcom/google/javascript/rhino/Node;Lcom/google/javascript/rhino/Node;Lcom/google/javascript/rhino/Node;)V,0.26388904,0.06610690,1.00000000,459.00000000,1.00000000,7229.00000000
com/google/javascript/rhino/Node:mergeLineCharNo(II)I,0.29859551,0.92856185,1.00000000,6458.00000000,1.00000000,7229.00000000
com/google/javascript/rhino/jstype/ObjectType:<init>(Lcom/google/javascript/rhino/jstype/JSTypeRegistry;)V,0.31829580,0.91359750,1.00000000,6352.00000000,1.00000000,7229.00000000
com/google/javascript/rhino/Node:getProp(I)Ljava/lang/Object;,0.28155491,0.95178840,1.00000000,6610.00000000,1.00000000,7229.00000000
com/google/javascript/rhino/Node:extractLineno(I)I,0.26964799,0.91251646,1.00000000,6350.00000000,1.00000000,7229.00000000
com/google/javascript/rhino/Node:getCharno()I,0.34375342,0.91303730,1.00000000,6347.00000000,1.00000000,7229.00000000
com/google/javascript/rhino/Node:extractCharno(I)I,0.26665945,0.91251054,1.00000000,6350.00000000,1.00000000,7229.00000000
com/google/javascript/jscomp/parsing/IRFactory$TransformDispatcher:processExpressionStatement(Lcom/google/javascript/rhino/head/ast/ExpressionStatement;)Lcom/google/javascript/rhino/Node;,0.36062525,0.79331212,1.00000000,5514.00000000,1.00000000,7229.00000000
com/google/javascript/rhino/jstype/NoResolvedType:<init>(Lcom/google/javascript/rhino/jstype/JSTypeRegistry;)V,0.33064923,0.91311140,1.00000000,6352.00000000,1.00000000,7229.00000000
com/google/javascript/rhino/Node:addChildToBack(Lcom/google/javascript/rhino/Node;)V,0.45386968,0.98820203,1.00000000,6855.00000000,1.00000000,7229.00000000
com/google/javascript/rhino/jstype/NoType:isNoType()Z,0.32015909,0.91350693,1.00000000,6353.00000000,1.00000000,7229.00000000
com/google/javascript/rhino/jstype/FunctionParamBuilder:hasVarArgs()Z,0.30941154,0.91369618,1.00000000,6352.00000000,1.00000000,7229.00000000
com/google/javascript/rhino/jstype/PrototypeObjectType:isSubtype(Lcom/google/javascript/rhino/jstype/JSType;)Z,0.80611739,0.91981689,1.00000000,6353.00000000,1.00000000,7229.00000000
com/google/javascript/jscomp/parsing/IRFactory:transformNameAsString(Lcom/google/javascript/rhino/head/ast/Name;)Lcom/google/javascript/rhino/Node;,0.32737214,0.60704518,1.00000000,4219.00000000,1.00000000,7229.00000000
com/google/javascript/rhino/Node:isBlock()Z,0.29446472,0.81939019,1.00000000,5695.00000000,1.00000000,7229.00000000
com/google/javascript/rhino/jstype/JSType:hashCode()I,0.24493636,0.91269781,1.00000000,6353.00000000,1.00000000,7229.00000000
com/google/javascript/rhino/jstype/UnionTypeBuilder:getAlternateListCopy()Ljava/util/Collection;,0.26558382,0.91291227,1.00000000,6353.00000000,1.00000000,7229.00000000
com/google/javascript/jscomp/parsing/IRFactory$TransformDispatcher:<init>(Lcom/google/javascript/jscomp/parsing/IRFactory;Lcom/google/javascript/jscomp/parsing/IRFactory$1;)V,0.28542655,0.88906362,1.00000000,6185.00000000,1.00000000,7229.00000000
com/google/javascript/rhino/jstype/JSTypeRegistry:createOptionalParameters([Lcom/google/javascript/rhino/jstype/JSType;)Lcom/google/javascript/rhino/Node;,0.39917683,0.91413277,1.00000000,6352.00000000,1.00000000,7229.00000000
com/google/javascript/rhino/jstype/BooleanType:<init>(Lcom/google/javascript/rhino/jstype/JSTypeRegistry;)V,0.33162692,0.91311177,1.00000000,6352.00000000,1.00000000,7229.00000000
com/google/javascript/jscomp/parsing/IRFactory$TransformDispatcher:processIfStatement(Lcom/google/javascript/rhino/head/ast/IfStatement;)Lcom/google/javascript/rhino/Node;,0.35800794,0.08207023,1.00000000,563.00000000,1.00000000,7229.00000000
com/google/javascript/rhino/jstype/JSType:isEquivalentTo(Lcom/google/javascript/rhino/jstype/JSType;)Z,0.44929267,0.91672514,1.00000000,6361.00000000,1.00000000,7229.00000000
com/google/javascript/jscomp/parsing/IRFactory:access$100(I)I,0.35613046,0.86843307,1.00000000,6036.00000000,1.00000000,7229.00000000
com/google/javascript/rhino/jstype/PrototypeObjectType:getReferenceName()Ljava/lang/String;,0.30524117,0.91371590,1.00000000,6353.00000000,1.00000000,7229.00000000
com/google/javascript/jscomp/parsing/Config:<init>(Ljava/util/Set;Ljava/util/Set;ZLcom/google/javascript/jscomp/parsing/Config$LanguageMode;Z)V,0.28023722,0.94707213,1.00000000,6589.00000000,1.00000000,7229.00000000
com/google/javascript/rhino/jstype/FunctionParamBuilder:addOptionalParams([Lcom/google/javascript/rhino/jstype/JSType;)Z,0.35677402,0.91438435,1.00000000,6352.00000000,1.00000000,7229.00000000
com/google/javascript/jscomp/parsing/IRFactory:transform(Lcom/google/javascript/rhino/head/ast/AstNode;)Lcom/google/javascript/rhino/Node;,0.38999739,0.89027084,1.00000000,6185.00000000,1.00000000,7229.00000000
com/google/javascript/rhino/jstype/StringType:getDisplayName()Ljava/lang/String;,0.26145897,0.91349554,1.00000000,6357.00000000,1.00000000,7229.00000000
com/google/javascript/rhino/jstype/PrototypeObjectType:implicitPrototypeChainIsUnknown()Z,0.38854550,0.91425215,1.00000000,6353.00000000,1.00000000,7229.00000000
com/google/javascript/rhino/jstype/JSType:isRecordType()Z,0.31583685,0.91335035,1.00000000,6353.00000000,1.00000000,7229.00000000
com/google/javascript/rhino/jstype/FunctionType:isConstructor()Z,0.33317373,0.91504589,1.00000000,6352.00000000,1.00000000,7229.00000000
com/google/javascript/rhino/jstype/UnionTypeBuilder:reduceAlternatesWithoutUnion()Lcom/google/javascript/rhino/jstype/JSType;,0.29601470,0.91326774,1.00000000,6353.00000000,1.00000000,7229.00000000
com/google/javascript/jscomp/parsing/IRFactory:handleJsDoc(Lcom/google/javascript/rhino/head/ast/AstNode;Lcom/google/javascript/rhino/Node;)Lcom/google/javascript/rhino/JSDocInfo;,0.29026967,0.88947040,1.00000000,6185.00000000,1.00000000,7229.00000000
com/google/javascript/rhino/Node:putIntProp(II)V,0.30388209,0.98718876,1.00000000,6861.00000000,1.00000000,7229.00000000
com/google/javascript/rhino/jstype/JSTypeRegistry:getNativeType(Lcom/google/javascript/rhino/jstype/JSTypeNative;)Lcom/google/javascript/rhino/jstype/JSType;,0.48154886,0.91900337,1.00000000,6361.00000000,1.00000000,7229.00000000
com/google/javascript/rhino/jstype/JSTypeRegistry:getNativeObjectType(Lcom/google/javascript/rhino/jstype/JSTypeNative;)Lcom/google/javascript/rhino/jstype/ObjectType;,0.42473437,0.91524007,1.00000000,6352.00000000,1.00000000,7229.00000000
com/google/javascript/rhino/jstype/StringType:<init>(Lcom/google/javascript/rhino/jstype/JSTypeRegistry;)V,0.33162692,0.91311177,1.00000000,6352.00000000,1.00000000,7229.00000000
com/google/javascript/jscomp/parsing/IRFactory:<init>(Ljava/lang/String;Lcom/google/javascript/rhino/jstype/StaticSourceFile;Lcom/google/javascript/jscomp/parsing/Config;Lcom/google/javascript/rhino/head/ErrorReporter;)V,0.36116170,0.89045115,1.00000000,6185.00000000,1.00000000,7229.00000000
com/google/javascript/rhino/jstype/FunctionParamBuilder:addRequiredParams([Lcom/google/javascript/rhino/jstype/JSType;)Z,0.31277257,0.91369178,1.00000000,6352.00000000,1.00000000,7229.00000000
com/google/javascript/rhino/jstype/AllType:isAllType()Z,0.36090181,0.91350747,1.00000000,6352.00000000,1.00000000,7229.00000000
com/google/javascript/jscomp/parsing/IRFactory:transformTokenType(I)I,0.26744159,0.86732930,1.00000000,6036.00000000,1.00000000,7229.00000000
com/google/javascript/jscomp/parsing/IRFactory:access$1500(Lcom/google/javascript/jscomp/parsing/IRFactory;ILjava/lang/String;)Lcom/google/javascript/rhino/Node;,0.28416141,0.88085508,1.00000000,6128.00000000,1.00000000,7229.00000000
com/google/javascript/rhino/jstype/NumberType:getDisplayName()Ljava/lang/String;,0.26145897,0.91291446,1.00000000,6353.00000000,1.00000000,7229.00000000
com/google/javascript/rhino/jstype/NullType:<init>(Lcom/google/javascript/rhino/jstype/JSTypeRegistry;)V,0.33162692,0.91311177,1.00000000,6352.00000000,1.00000000,7229.00000000
com/google/javascript/jscomp/parsing/IRFactory:access$200(Lcom/google/javascript/jscomp/parsing/IRFactory;I)Lcom/google/javascript/rhino/Node;,0.46669917,0.89049893,1.00000000,6185.00000000,1.00000000,7229.00000000
com/google/javascript/rhino/jstype/JSTypeRegistry:createFunctionType(Lcom/google/javascript/rhino/jstype/JSType;Lcom/google/javascript/rhino/Node;)Lcom/google/javascript/rhino/jstype/FunctionType;,0.33967011,0.91412915,1.00000000,6352.00000000,1.00000000,7229.00000000
com/google/javascript/rhino/jstype/JSType:isSubtypeHelper(Lcom/google/javascript/rhino/jstype/JSType;Lcom/google/javascript/rhino/jstype/JSType;)Z,0.61790246,0.91775951,1.00000000,6353.00000000,1.00000000,7229.00000000
com/google/javascript/rhino/jstype/JSTypeRegistry:createUnionType([Lcom/google/javascript/rhino/jstype/JSType;)Lcom/google/javascript/rhino/jstype/JSType;,0.44508053,0.91469128,1.00000000,6353.00000000,1.00000000,7229.00000000
com/google/javascript/jscomp/parsing/IRFactory:access$1800(Lcom/google/javascript/jscomp/parsing/IRFactory;)Lcom/google/javascript/jscomp/parsing/Config;,0.26737120,0.64015311,1.00000000,4454.00000000,1.00000000,7229.00000000
com/google/javascript/jscomp/parsing/IRFactory:newNode(ILcom/google/javascript/rhino/Node;Lcom/google/javascript/rhino/Node;Lcom/google/javascript/rhino/Node;)Lcom/google/javascript/rhino/Node;,0.29991344,0.06066549,1.00000000,419.00000000,1.00000000,7229.00000000
com/google/javascript/jscomp/parsing/IRFactory$TransformDispatcher:processGeneric(Lcom/google/javascript/rhino/head/Node;)Lcom/google/javascript/rhino/Node;,0.39473493,0.74571044,1.00000000,5181.00000000,1.00000000,7229.00000000
com/google/javascript/jscomp/parsing/IRFactory$TransformDispatcher:parseDirectives(Lcom/google/javascript/rhino/Node;)V,0.33661045,0.89004470,1.00000000,6185.00000000,1.00000000,7229.00000000
com/google/javascript/rhino/jstype/ArrowType:<init>(Lcom/google/javascript/rhino/jstype/JSTypeRegistry;Lcom/google/javascript/rhino/Node;Lcom/google/javascript/rhino/jstype/JSType;Z)V,0.35109285,0.91412999,1.00000000,6352.00000000,1.00000000,7229.00000000
com/google/javascript/rhino/jstype/JSTypeRegistry:createParametersWithVarArgs([Lcom/google/javascript/rhino/jstype/JSType;)Lcom/google/javascript/rhino/Node;,0.37616237,0.91379228,1.00000000,6352.00000000,1.00000000,7229.00000000
com/google/javascript/jscomp/parsing/IRFactory$TransformDispatcher:processBlock(Lcom/google/javascript/rhino/head/ast/Block;)Lcom/google/javascript/rhino/Node;,0.26988116,0.72744061,1.00000000,5064.00000000,1.00000000,7229.00000000
com/google/javascript/jscomp/parsing/IRFactory:access$1100(Lcom/google/javascript/jscomp/parsing/IRFactory;ILcom/google/javascript/rhino/Node;Lcom/google/javascript/rhino/Node;Lcom/google/javascript/rhino/Node;)Lcom/google/javascript/rhino/Node;,0.28397072,0.06032075,1.00000000,419.00000000,1.00000000,7229.00000000
com/google/javascript/jscomp/parsing/IRFactory$TransformDispatcher:processPropertyGet(Lcom/google/javascript/rhino/head/ast/PropertyGet;)Lcom/google/javascript/rhino/Node;,0.44560447,0.59692932,1.00000000,4141.00000000,1.00000000,7229.00000000
com/google/javascript/rhino/jstype/PrototypeObjectType:defineProperty(Ljava/lang/String;Lcom/google/javascript/rhino/jstype/JSType;ZLcom/google/javascript/rhino/Node;)Z,0.32775923,0.84346617,1.00000000,5863.00000000,1.00000000,7229.00000000
com/google/javascript/rhino/Node:removeProp(Lcom/google/javascript/rhino/Node$PropListItem;I)Lcom/google/javascript/rhino/Node$PropListItem;,0.34402595,0.99118522,1.00000000,6882.00000000,1.00000000,7229.00000000
com/google/javascript/jscomp/parsing/IRFactory$TransformDispatcher:processBreakStatement(Lcom/google/javascript/rhino/head/ast/BreakStatement;)Lcom/google/javascript/rhino/Node;,0.33812001,0.01507668,1.00000000,97.00000000,1.00000000,7229.00000000
com/google/javascript/jscomp/parsing/IRFactory:setSourceInfo(Lcom/google/javascript/rhino/Node;Lcom/google/javascript/rhino/head/ast/AstNode;)V,0.40723540,0.89062662,1.00000000,6185.00000000,1.00000000,7229.00000000
com/google/javascript/jscomp/parsing/IRFactory:access$400(Lcom/google/javascript/jscomp/parsing/IRFactory;Lcom/google/javascript/rhino/head/ast/Name;)Lcom/google/javascript/rhino/Node;,0.28885748,0.60611545,1.00000000,4219.00000000,1.00000000,7229.00000000
com/google/javascript/rhino/jstype/FunctionParamBuilder:newParameter(Lcom/google/javascript/rhino/jstype/JSType;)Lcom/google/javascript/rhino/Node;,0.37632966,0.91461996,1.00000000,6352.00000000,1.00000000,7229.00000000
com/google/javascript/rhino/jstype/FunctionType:getSuperClassConstructor()Lcom/google/javascript/rhino/jstype/FunctionType;,0.46780473,0.91593006,1.00000000,6352.00000000,1.00000000,7229.00000000
com/google/javascript/jscomp/parsing/IRFactory$TransformDispatcher:processAssignment(Lcom/google/javascript/rhino/head/ast/Assignment;)Lcom/google/javascript/rhino/Node;,0.33514915,0.59646863,1.00000000,4146.00000000,1.00000000,7229.00000000
com/google/javascript/rhino/jstype/FunctionParamBuilder:<init>(Lcom/google/javascript/rhino/jstype/JSTypeRegistry;)V,0.31818861,0.91388661,1.00000000,6352.00000000,1.00000000,7229.00000000
com/google/javascript/jscomp/parsing/IRFactory:access$1600(Lcom/google/javascript/jscomp/parsing/IRFactory;)Ljava/util/Set;,0.26273449,0.87965345,1.00000000,6122.00000000,1.00000000,7229.00000000
com/google/javascript/rhino/jstype/UnionTypeBuilder:addAlternate(Lcom/google/javascript/rhino/jstype/JSType;)Lcom/google/javascript/rhino/jstype/UnionTypeBuilder;,0.82143654,0.92096286,1.00000000,6353.00000000,1.00000000,7229.00000000
com/google/javascript/jscomp/parsing/TypeSafeDispatcher:process(Lcom/google/javascript/rhino/head/ast/AstNode;)Ljava/lang/Object;,0.26302264,0.88873205,1.00000000,6185.00000000,1.00000000,7229.00000000
com/google/javascript/rhino/jstype/BooleanType:getDisplayName()Ljava/lang/String;,0.26145897,0.91320624,1.00000000,6355.00000000,1.00000000,7229.00000000
com/google/javascript/rhino/Node:lookupProperty(I)Lcom/google/javascript/rhino/Node$PropListItem;,0.29882022,0.95933853,1.00000000,6667.00000000,1.00000000,7229.00000000
com/google/javascript/jscomp/parsing/ParserRunner:createConfig(ZLcom/google/javascript/jscomp/parsing/Config$LanguageMode;ZLjava/util/Set;)Lcom/google/javascript/jscomp/parsing/Config;,0.29596646,0.94742450,1.00000000,6589.00000000,1.00000000,7229.00000000
com/google/javascript/rhino/Node:getLastChild()Lcom/google/javascript/rhino/Node;,0.28234432,0.97811600,1.00000000,6760.00000000,1.00000000,7229.00000000
com/google/javascript/rhino/jstype/JSTypeRegistry:registerNativeType(Lcom/google/javascript/rhino/jstype/JSTypeNative;Lcom/google/javascript/rhino/jstype/JSType;)V,0.30812994,0.91277127,1.00000000,6352.00000000,1.00000000,7229.00000000
com/google/javascript/rhino/jstype/FunctionType:getPrototype()Lcom/google/javascript/rhino/jstype/ObjectType;,0.51178128,0.91589689,1.00000000,6353.00000000,1.00000000,7229.00000000
com/google/javascript/rhino/jstype/StringType:toString()Ljava/lang/String;,0.26145897,0.91349425,1.00000000,6357.00000000,1.00000000,7229.00000000
com/google/javascript/rhino/jstype/NullType:getDisplayName()Ljava/lang/String;,0.26145897,0.91276876,1.00000000,6352.00000000,1.00000000,7229.00000000
com/google/javascript/rhino/jstype/NoType:<init>(Lcom/google/javascript/rhino/jstype/JSTypeRegistry;)V,0.35635245,0.91345178,1.00000000,6352.00000000,1.00000000,7229.00000000
com/google/javascript/rhino/jstype/JSTypeNative:values()[Lcom/google/javascript/rhino/jstype/JSTypeNative;,0.26399085,0.91276772,1.00000000,6352.00000000,1.00000000,7229.00000000
com/google/javascript/rhino/Node$ObjectPropListItem:<init>(ILjava/lang/Object;Lcom/google/javascript/rhino/Node$PropListItem;)V,0.28070713,0.94361414,1.00000000,6564.00000000,1.00000000,7229.00000000
com/google/javascript/jscomp/parsing/IRFactory$TransformDispatcher:processFunctionNode(Lcom/google/javascript/rhino/head/ast/FunctionNode;)Lcom/google/javascript/rhino/Node;,0.45537625,0.72511580,1.00000000,5029.00000000,1.00000000,7229.00000000
com/google/javascript/rhino/jstype/PrototypeObjectType:setOwnerFunction(Lcom/google/javascript/rhino/jstype/FunctionType;)V,0.28368517,0.91276916,1.00000000,6352.00000000,1.00000000,7229.00000000
com/google/javascript/rhino/jstype/JSTypeRegistry:createFunctionType(Lcom/google/javascript/rhino/jstype/JSType;Z[Lcom/google/javascript/rhino/jstype/JSType;)Lcom/google/javascript/rhino/jstype/FunctionType;,0.32777602,0.91311242,1.00000000,6352.00000000,1.00000000,7229.00000000
com/google/javascript/rhino/Node:getJSDocInfo()Lcom/google/javascript/rhino/JSDocInfo;,0.28064356,0.90124335,1.00000000,6248.00000000,1.00000000,7229.00000000
com/google/javascript/rhino/jstype/PrototypeObjectType:getOwnerFunction()Lcom/google/javascript/rhino/jstype/FunctionType;,0.28954710,0.91330755,1.00000000,6352.00000000,1.00000000,7229.00000000
com/google/javascript/rhino/Node:putBooleanProp(IZ)V,0.34205913,0.98836030,1.00000000,6857.00000000,1.00000000,7229.00000000
com/google/javascript/rhino/jstype/JSType:isAllType()Z,0.36090181,0.91365167,1.00000000,6353.00000000,1.00000000,7229.00000000
com/google/javascript/rhino/jstype/InstanceObjectType:hasReferenceName()Z,0.36535969,0.91446270,1.00000000,6353.00000000,1.00000000,7229.00000000
com/google/javascript/rhino/jstype/JSTypeRegistry:createFunctionTypeWithVarArgs(Lcom/google/javascript/rhino/jstype/JSType;[Lcom/google/javascript/rhino/jstype/JSType;)Lcom/google/javascript/rhino/jstype/FunctionType;,0.31088600,0.91344823,1.00000000,6352.00000000,1.00000000,7229.00000000
com/google/javascript/rhino/testing/TestErrorReporter:<init>([Ljava/lang/String;[Ljava/lang/String;)V,0.26418017,0.10415656,1.00000000,723.00000000,1.00000000,7229.00000000
com/google/javascript/rhino/jstype/JSTypeRegistry:<init>(Lcom/google/javascript/rhino/ErrorReporter;Z)V,0.30152458,0.91344811,1.00000000,6352.00000000,1.00000000,7229.00000000
com/google/javascript/rhino/jstype/FunctionType:setPrototype(Lcom/google/javascript/rhino/jstype/PrototypeObjectType;Lcom/google/javascript/rhino/Node;)Z,0.61317506,0.91730563,1.00000000,6352.00000000,1.00000000,7229.00000000
com/google/javascript/rhino/testing/BaseJSTypeTestCase:setUp()V,0.30452039,0.10259336,1.00000000,711.00000000,1.00000000,7229.00000000
com/google/javascript/rhino/Node:getJsDocBuilderForNode()Lcom/google/javascript/rhino/Node$FileLevelJsDocBuilder;,0.28437365,0.88965279,1.00000000,6189.00000000,1.00000000,7229.00000000
com/google/javascript/rhino/jstype/FunctionBuilder:<init>(Lcom/google/javascript/rhino/jstype/JSTypeRegistry;)V,0.28880845,0.91335437,1.00000000,6352.00000000,1.00000000,7229.00000000
com/google/javascript/rhino/jstype/UnionTypeBuilder:build()Lcom/google/javascript/rhino/jstype/JSType;,0.32673241,0.91439298,1.00000000,6353.00000000,1.00000000,7229.00000000
com/google/javascript/rhino/jstype/FunctionParamBuilder:addVarArgs(Lcom/google/javascript/rhino/jstype/JSType;)Z,0.38115849,0.91471343,1.00000000,6352.00000000,1.00000000,7229.00000000
com/google/javascript/rhino/jstype/JSType:isNominalType()Z,0.27569364,0.83324440,1.00000000,5800.00000000,1.00000000,7229.00000000
com/google/javascript/rhino/jstype/JSType:isUnionType()Z,0.44123827,0.91466525,1.00000000,6353.00000000,1.00000000,7229.00000000
com/google/javascript/jscomp/parsing/IRFactory:maybeSetLengthFrom(Lcom/google/javascript/rhino/Node;Lcom/google/javascript/rhino/head/ast/AstNode;)V,0.31985262,0.88923634,1.00000000,6185.00000000,1.00000000,7229.00000000
com/google/javascript/rhino/testing/BaseJSTypeTestCase:addMethod(Lcom/google/javascript/rhino/jstype/JSTypeRegistry;Lcom/google/javascript/rhino/jstype/ObjectType;Ljava/lang/String;Lcom/google/javascript/rhino/jstype/JSType;)V,0.35457666,0.82268537,1.00000000,5718.00000000,1.00000000,7229.00000000
com/google/javascript/rhino/jstype/ObjectType$Property:getType()Lcom/google/javascript/rhino/jstype/JSType;,0.31602657,0.91378724,1.00000000,6353.00000000,1.00000000,7229.00000000
com/google/javascript/rhino/jstype/FunctionBuilder:withReturnType(Lcom/google/javascript/rhino/jstype/JSType;)Lcom/google/javascript/rhino/jstype/FunctionBuilder;,0.28880845,0.91322275,1.00000000,6352.00000000,1.00000000,7229.00000000
com/google/javascript/jscomp/parsing/IRFactory:transformBlock(Lcom/google/javascript/rhino/head/ast/AstNode;)Lcom/google/javascript/rhino/Node;,0.42838468,0.12502224,1.00000000,850.00000000,1.00000000,7229.00000000
